Object,CD66b,CD20,CD28,CD16,CD163,CD11b,CD45,CD4,CD31,CD279,CD68,Foxp3,CK7,Ki67,CD8,Collagen,CD3,CD138,HLADR,GranzymeB,Ir191,Ir193
1,2.4444444444444446,0.0,0.0,0.0,0.0,0.0,0.0,0.0,0.0,0.0,0.0,0.0,0.0,23.555555555555557,0.0,38.333333333333336,0.0,0.0,0.0,0.0,30.333333333333332,52.111111111111114
2,2.0476190476190474,0.0,0.047619047619047616,0.38095238095238093,0.0,0.0,0.0,0.9047619047619048,1.4761904761904763,0.0,0.0,0.0,0.0,0.5238095238095238,0.0,47.23809523809524,0.42857142857142855,0.0,3.142857142857143,0.0,22.333333333333332,38.142857142857146
3,3.6,0.0,0.0,0.0,0.0,0.0,0.0,0.0,0.0,0.0,0.0,0.0,0.0,0.0,0.0,3.2,0.0,0.0,0.0,0.0,9.8,17.9
4,0.0,0.0,0.0,0.0,0.0,0.0,0.0,0.0,0.0,0.0,0.0,0.0,0.0,0.0,0.0,5.333333333333333,0.0,0.0,0.0,0.0,10.222222222222221,22.555555555555557
5,0.0,0.0,0.0,0.0,0.0,0.0,0.0,0.0,0.0,0.0,0.0,0.0,0.0,0.0,0.0,11.76923076923077,0.0,0.0,0.0,0.0,13.153846153846153,21.153846153846153
6,2.4242424242424243,0.0,0.0,0.0,2.0303030303030303,0.0,0.0,0.696969696969697,0.0,0.0,0.0,0.0,0.0,4.757575757575758,4.363636363636363,73.48484848484848,1.4848484848484849,0.0,25.21212121212121,2.0303030303030303,32.75757575757576,56.72727272727273
7,0.0,0.0,0.0,1.9024390243902438,0.0,0.0,0.0,2.731707317073171,0.0,0.0,0.0,0.0,0.0,0.0,0.0,23.121951219512194,0.0,1.7317073170731707,6.365853658536586,0.0,18.609756097560975,34.170731707317074
8,1.8805970149253732,0.0,0.0,0.13432835820895522,0.0,0.0,0.0,0.3582089552238806,0.0,0.0,0.0,0.0,0.0,0.0,0.0,7.402985074626866,0.0,3.373134328358209,0.23880597014925373,0.0,32.82089552238806,56.37313432835821
9,2.3088235294117645,0.0,0.0,0.0,0.0,0.0,0.0,0.0,0.0,0.0,0.0,0.0,0.0,0.0,0.0,5.279411764705882,0.0,2.088235294117647,0.0,0.0,15.720588235294118,25.529411764705884
10,1.6067415730337078,0.0,0.0,0.0,0.0,0.0,0.0,0.0,0.0,0.0,0.0,0.0,0.0,0.0,0.0,0.8539325842696629,0.0,0.0,0.0,0.0,30.258426966292134,52.19101123595506
11,1.7272727272727273,0.0,0.0,1.0454545454545454,0.0,0.0,0.0,0.0,5.454545454545454,0.0,0.0,0.0,0.0,0.0,0.0,80.63636363636364,0.0,0.0,4.7727272727272725,0.0,4.681818181818182,9.545454545454545
12,1.0588235294117647,0.0,0.0,2.588235294117647,0.0,0.0,0.0,0.0,0.0,0.0,0.0,0.0,0.0,0.0,0.0,7.788235294117647,0.0,5.905882352941177,1.6352941176470588,0.0,16.211764705882352,28.188235294117646
13,0.9830508474576272,0.0,0.423728813559322,3.0,0.15254237288135594,0.0,0.0,4.677966101694915,1.5084745762711864,0.0,0.0,0.0,0.0,11.305084745762711,0.0,41.440677966101696,1.1864406779661016,1.8305084745762712,2.23728813559322,0.0,29.25423728813559,51.74576271186441
14,1.0833333333333333,0.0,0.0,0.0,0.0,0.0,0.0,0.0,0.0,0.0,0.0,0.0,0.0,0.0,0.0,13.135416666666666,0.0,5.864583333333333,0.8333333333333334,0.0,32.052083333333336,53.114583333333336
15,1.2842105263157895,0.0,0.0,0.16842105263157894,0.0,0.0,0.0,0.0,0.0,0.0,0.0,0.0,0.0,5.515789473684211,0.0,2.3263157894736843,0.0,4.336842105263158,0.0,0.0,22.852631578947367,38.863157894736844
16,0.3409090909090909,0.0,0.022727272727272728,2.5681818181818183,4.431818181818182,0.0,0.0,1.0454545454545454,0.6363636363636364,0.0,0.0,0.0,0.0,0.22727272727272727,0.0,60.95454545454545,0.06818181818181818,0.36363636363636365,2.090909090909091,0.0,19.704545454545453,36.25
17,1.6666666666666667,0.0,0.0,0.0,0.0,0.0,0.0,0.9615384615384616,0.0,0.0,0.0,0.0,0.0,0.0,0.0,14.782051282051283,0.0,7.1923076923076925,0.0,0.0,19.974358974358974,32.12820512820513
18,1.3688524590163935,0.0,0.0,0.0,0.0,0.0,0.0,0.0,0.0,0.0,0.0,0.0,0.0,0.0,0.0,3.5245901639344264,0.0,3.9672131147540983,0.0,0.0,24.30327868852459,43.10655737704918
19,3.6666666666666665,0.0,0.0,0.0,0.0,0.0,0.0,0.0,0.0,0.0,0.0,0.0,0.0,0.0,0.0,18.0,0.0,5.238095238095238,0.47619047619047616,0.0,34.904761904761905,57.142857142857146
20,1.28,0.0,0.0,0.26,0.0,0.0,0.0,0.04,0.16,0.0,0.0,0.0,0.0,0.02,0.0,32.26,0.42,10.4,0.8,0.0,12.92,23.14
21,0.10638297872340426,0.0,0.0,0.0,0.0,0.0,0.0,0.0,0.0,0.0,0.0,0.0,0.0,0.0,0.0,1.9787234042553192,0.0,2.702127659574468,0.0,0.0,5.851063829787234,10.042553191489361
22,1.6296296296296295,0.0,0.0,2.2962962962962963,5.87037037037037,0.0,0.0,0.35185185185185186,0.0,0.0,2.7037037037037037,0.0,0.0,1.3703703703703705,0.5740740740740741,81.25925925925925,0.2777777777777778,0.0,30.12962962962963,0.5740740740740741,12.333333333333334,22.88888888888889
23,1.2613636363636365,0.0,0.0,0.0,0.0,0.0,0.0,0.0,0.0,0.0,0.0,0.0,0.0,0.0,0.0,2.7613636363636362,0.0,2.409090909090909,0.0,0.0,16.147727272727273,26.897727272727273
24,3.45,0.0,0.0,0.0,0.0,0.0,0.0,0.0,0.0,0.0,0.0,0.0,0.0,0.0,0.0,4.81,0.25,1.41,0.0,0.59,50.41,85.54
25,3.731707317073171,0.0,0.0,0.0,0.0,0.0,0.0,0.0,0.0,0.0,0.0,0.0,0.0,19.0,0.0,44.75609756097561,0.0,35.390243902439025,1.0731707317073171,0.0,32.853658536585364,55.609756097560975
26,2.1931818181818183,0.0,0.0,0.0,0.0,0.0,0.0,0.0,0.0,0.0,0.0,0.0,0.0,0.125,0.0,2.8181818181818183,0.0,3.2954545454545454,0.0,0.0,21.5,36.31818181818182
27,3.0,0.0,0.0,0.0,0.0375,0.0,0.0,0.0,0.0,0.1625,1.5375,0.0,0.0,0.0,0.0,1.825,0.075,0.325,0.1625,0.0,42.8375,72.0375
28,0.7790697674418605,0.0,0.0,0.3546511627906977,0.0,0.0,0.0,0.023255813953488372,0.0,0.0,0.0,0.0,0.0,0.0,0.0,4.383720930232558,0.0,7.52906976744186,0.0,0.0,22.575581395348838,37.56976744186046
29,2.857142857142857,0.0,0.0,0.0,0.0,0.0,0.0,0.0,0.0,0.0,0.0,0.0,0.0,0.0,0.0,7.8,0.2571428571428571,0.0,0.0,0.0,16.17142857142857,26.771428571428572
30,2.8524590163934427,0.0,0.0,0.5245901639344263,0.4426229508196721,0.0,0.0,0.13114754098360656,0.0,0.0,0.0,0.0,0.0,0.10655737704918032,0.0,12.901639344262295,0.0,6.114754098360656,0.8770491803278688,0.0,31.5327868852459,53.71311475409836
31,1.7586206896551724,0.0,0.0,2.4827586206896552,5.827586206896552,0.0,0.0,0.0,0.0,0.0,4.620689655172414,0.0,0.0,0.27586206896551724,0.0,105.20689655172414,0.6551724137931034,0.0,5.379310344827586,0.0,26.689655172413794,45.62068965517241
32,2.744186046511628,0.0,0.0,0.0,0.0,0.0,0.0,0.03488372093023256,0.0,0.0,0.0,0.0,0.0,0.0,0.0,10.546511627906977,0.0,6.941860465116279,0.16279069767441862,0.0,11.36046511627907,19.848837209302324
33,1.6686046511627908,0.0,0.0,0.12790697674418605,0.0,0.0,0.0,0.0,0.0,0.0,0.0,0.0,0.0,0.0,0.0,1.9069767441860466,0.0,3.197674418604651,0.023255813953488372,0.0,24.83139534883721,40.29651162790697
34,1.653061224489796,0.0,0.0,2.7551020408163267,11.040816326530612,0.0,0.0,0.3877551020408163,0.0,0.0,31.142857142857142,0.0,0.0,1.6122448979591837,0.0,40.02040816326531,0.0,0.0,15.816326530612244,0.0,46.44897959183673,79.42857142857143
35,5.673684210526316,0.0,0.0,2.6,2.2736842105263158,0.0,0.0,0.0,0.0,0.021052631578947368,5.126315789473685,0.0,0.0,0.0,0.0,0.968421052631579,0.0,0.6631578947368421,1.8526315789473684,0.0,45.526315789473685,81.6842105263158
36,1.4538461538461538,0.0,0.0,0.0,0.0,0.0,0.0,0.0,0.0,0.0,0.0,0.0,0.0,0.0,0.0,2.376923076923077,0.0,1.853846153846154,0.0,0.0,18.023076923076925,30.123076923076923
37,1.793548387096774,0.0,0.0,0.567741935483871,0.45806451612903226,0.0,0.0,0.025806451612903226,0.0,0.0,0.0,0.0,0.0,0.0,0.07096774193548387,3.3741935483870966,0.0,1.8258064516129033,0.2129032258064516,0.0,30.36774193548387,53.23225806451613
38,3.3333333333333335,0.0,0.0,1.0740740740740742,0.0,0.0,0.0,0.0,0.0,0.0,0.0,0.0,0.0,0.0,0.0,10.185185185185185,0.0,6.666666666666667,0.0,0.0,14.74074074074074,26.925925925925927
39,5.571428571428571,0.0,0.0,3.0952380952380953,0.0,0.0,0.0,0.5714285714285714,0.0,0.0,0.0,0.0,0.0,0.0,0.0,7.428571428571429,0.0,5.571428571428571,0.0,0.0,5.428571428571429,10.761904761904763
40,0.0,0.0,0.0,2.1449275362318843,8.594202898550725,0.0,0.0,0.391304347826087,0.0,0.0,8.565217391304348,0.0,0.0,3.971014492753623,0.0,15.347826086956522,0.30434782608695654,0.0,12.014492753623188,0.0,46.79710144927536,81.40579710144928
41,2.8035714285714284,0.0,0.0,0.5,0.0,0.0,0.0,0.0,0.0,0.0,0.0,0.0,0.0,0.0,0.0,9.0,0.0,14.0,0.0,0.0,17.482142857142858,29.839285714285715
42,2.1944444444444446,0.0,0.0,0.0,0.0,0.0,0.0,0.0,0.0,0.0,0.0,0.0,0.0,0.0,0.0,4.027777777777778,0.0,2.6944444444444446,0.0,0.0,18.36111111111111,30.75
43,2.4903846153846154,0.0,0.0,3.4134615384615383,0.0,0.0,0.0,0.019230769230769232,0.0,0.0,0.0,0.0,0.0,0.0,0.0,4.0673076923076925,0.0,0.4807692307692308,0.0,0.0,24.28846153846154,42.11538461538461
44,1.2549019607843137,0.0,0.0,0.0,0.0,0.0,0.0,0.0,0.0,0.0,0.0,0.0,0.0,0.0,0.0,3.9411764705882355,0.0,3.9215686274509802,0.0,0.0,18.11764705882353,30.019607843137255
45,3.1414141414141414,0.0,0.0,0.0,0.0,0.0,0.0,0.15151515151515152,0.0,0.0,0.0,0.0,0.0,0.0,0.0,9.414141414141413,0.0,5.848484848484849,0.0,0.0,13.0,21.92929292929293
46,1.6825396825396826,0.0,0.0,0.0873015873015873,0.0,0.0,0.0,0.0873015873015873,0.0,0.0,0.0,0.0,0.0,0.0,0.0,4.23015873015873,0.0,1.8571428571428572,0.0,0.0,30.238095238095237,51.46825396825397
47,3.8260869565217392,0.0,0.0,0.0,0.0,0.0,0.0,0.0,0.0,0.0,0.0,0.0,0.0,0.0,0.0,20.152173913043477,0.0,11.521739130434783,0.03260869565217391,0.0,29.869565217391305,52.25
48,1.0,0.0,0.0,3.0789473684210527,0.0,0.0,0.0,0.0,0.0,0.0,0.0,0.0,0.0,0.0,0.0,7.447368421052632,0.0,6.947368421052632,0.0,0.0,11.552631578947368,20.44736842105263
49,1.421487603305785,0.0,0.0,0.0,0.0,0.0,0.0,0.0,0.0,0.0,0.0,0.0,0.0,0.0,0.0,2.628099173553719,0.0,3.5041322314049586,0.0,0.0,28.305785123966942,46.99173553719008
50,2.4642857142857144,0.0,0.0,2.7142857142857144,0.0,0.0,0.0,0.0,0.0,0.0,0.0,0.0,0.0,0.0,0.0,5.392857142857143,0.0,4.571428571428571,0.0,0.0,16.964285714285715,32.464285714285715
51,2.2758620689655173,0.0,0.0,2.1724137931034484,0.7931034482758621,0.0,0.0,0.0,0.0,0.0,1.6206896551724137,0.0,0.0,49.310344827586206,0.0,54.44827586206897,0.0,0.0,10.655172413793103,0.0,53.241379310344826,86.10344827586206
52,0.8938053097345132,0.0,0.0,0.0,0.0,0.0,0.0,0.0,0.0,0.0,0.0,0.0,0.0,0.0,0.0,4.070796460176991,0.0,2.9557522123893807,0.0,0.0,24.38938053097345,42.63716814159292
53,2.6600985221674875,0.0,0.0,0.014778325123152709,0.0,0.0,0.0,0.0,0.0,0.0,0.0,0.0,0.0,0.0,0.0,9.320197044334975,0.0,6.078817733990148,0.0,0.0,14.305418719211822,24.20689655172414
54,0.8863636363636364,0.0,0.0,0.7954545454545454,5.181818181818182,0.0,0.0,0.0,0.0,0.0,2.6136363636363638,0.0,0.0,0.3409090909090909,0.0,64.79545454545455,0.0,0.0,7.590909090909091,0.0,21.886363636363637,38.52272727272727
55,1.6842105263157894,0.0,0.0,0.0,0.0,0.0,0.0,0.0,0.0,0.0,0.0,0.0,0.0,0.0,0.0,4.7894736842105265,0.0,3.5,0.0,0.0,11.052631578947368,18.92105263157895
56,2.0,0.0,0.0,0.0,13.615384615384615,0.0,0.0,0.0,0.0,0.0,41.30769230769231,0.0,0.0,0.0,0.0,60.46153846153846,0.0,0.0,6.538461538461538,0.0,26.307692307692307,56.23076923076923
57,1.9642857142857142,0.0,0.0,1.4285714285714286,5.035714285714286,0.0,0.0,0.2857142857142857,0.0,0.0,5.678571428571429,0.0,0.0,0.0,0.0,31.928571428571427,0.0,3.9285714285714284,7.607142857142857,0.0,49.357142857142854,86.92857142857143
58,1.5886075949367089,0.0,0.0,0.0,0.0,0.0,0.0,0.0,0.0,0.0,0.0,0.0,0.0,0.0,0.0,5.208860759493671,0.1962025316455696,5.291139240506329,0.0,0.0,10.708860759493671,19.088607594936708
59,0.7727272727272727,0.0,0.0,0.0,0.0,0.0,0.0,0.43636363636363634,0.0,0.0,0.0,0.0,0.0,0.0,0.0,3.772727272727273,0.0,4.5,0.0,0.0,37.481818181818184,66.22727272727273
60,1.6956521739130435,0.0,0.0,0.30434782608695654,16.08695652173913,0.0,0.0,0.0,0.0,0.0,18.782608695652176,0.0,0.0,0.08695652173913043,0.0,98.82608695652173,0.0,0.0,8.73913043478261,0.0,38.17391304347826,71.21739130434783
61,3.535211267605634,0.0,0.0,0.0,0.0,0.0,0.0,0.014084507042253521,0.0,0.0,0.0,0.0,0.0,0.0,0.0,2.624413145539906,0.0,1.9530516431924883,0.0,0.0,18.112676056338028,31.342723004694836
62,1.1764705882352942,0.0,0.0,3.6470588235294117,13.588235294117647,0.0,0.0,0.0,0.0,0.0,4.235294117647059,0.0,0.0,0.29411764705882354,0.0,45.470588235294116,0.0,0.0,9.117647058823529,0.0,56.76470588235294,100.58823529411765
63,1.8161764705882353,0.0,0.0,0.0,0.0,0.0,0.0,0.0,0.0,0.0,0.0,0.0,0.0,0.0,0.0,9.330882352941176,0.029411764705882353,4.522058823529412,0.0,0.0,25.772058823529413,43.911764705882355
64,1.209090909090909,0.0,0.0,0.45454545454545453,1.1363636363636365,0.0,0.0,0.09090909090909091,0.0,0.0,0.0,0.0,0.0,0.0,0.0,8.581818181818182,0.0,8.481818181818182,0.15454545454545454,0.0,20.436363636363637,33.518181818181816
65,0.5094339622641509,0.0,0.0,3.4339622641509435,0.0,0.0,0.0,0.24528301886792453,1.8113207547169812,0.0,4.490566037735849,0.0,0.0,0.0,0.0,36.9811320754717,0.0,5.981132075471698,9.452830188679245,0.0,33.9811320754717,62.64150943396226
66,3.2758620689655173,0.0,0.0,0.7241379310344828,0.6551724137931034,0.0,0.0,0.06896551724137931,0.0,0.0,0.0,0.0,0.0,24.862068965517242,0.0,86.3103448275862,0.0,1.1724137931034482,1.4137931034482758,0.0,58.51724137931034,98.3103448275862
67,1.0857142857142856,0.0,0.0,0.0,0.0,0.0,0.0,0.0,0.0,0.0,0.0,0.0,0.0,0.6,0.0,3.307142857142857,0.0,4.3,0.0,0.0,27.62857142857143,48.65
68,1.0,0.0,0.0,0.12,6.84,0.0,0.0,0.04,0.0,0.0,4.76,0.0,0.0,0.28,0.0,70.04,0.0,0.64,3.96,0.0,55.72,101.72
69,1.3125,0.0,0.0,0.0,0.0,0.0,0.0,0.0,0.0,0.0,0.0,0.0,0.0,0.0,0.0,3.7857142857142856,0.0,8.160714285714286,0.0,0.0,30.125,51.294642857142854
70,2.441860465116279,0.0,0.0,1.744186046511628,4.767441860465116,0.0,0.0,0.0,0.0,0.0,0.0,0.0,0.0,50.883720930232556,1.6511627906976745,44.325581395348834,0.0,0.9069767441860465,3.813953488372093,0.9534883720930233,57.83720930232558,103.55813953488372
71,3.0,0.0,0.0,4.0,15.0,0.0,0.0,1.7692307692307692,0.0,0.0,8.538461538461538,0.0,0.0,0.0,0.0,14.615384615384615,0.0,0.0,4.076923076923077,0.0,13.153846153846153,28.153846153846153
72,2.0377358490566038,0.0,0.0,0.0,0.0,0.0,0.0,0.0,0.0,0.0,0.0,0.0,0.0,0.0,0.0,1.5,0.018867924528301886,1.0377358490566038,0.0,0.0,15.283018867924529,28.235849056603772
73,1.0,0.0,0.0,0.0,0.0,0.0,0.0,0.0,0.0,0.0,0.0,0.0,0.0,0.0,0.0,3.9935483870967743,0.0,3.296774193548387,0.0,0.0,29.083870967741934,48.70967741935484
74,1.9066666666666667,0.0,0.0,1.5466666666666666,0.0,0.0,0.0,0.6666666666666666,0.7466666666666667,0.0,1.32,0.0,0.0,0.0,0.0,34.96,0.0,5.84,4.453333333333333,0.0,33.92,57.72
75,2.484536082474227,0.0,0.0,0.0,0.0,0.0,0.0,0.0,0.0,0.0,0.0,0.0,0.0,0.0,0.0,4.020618556701031,0.0,4.010309278350515,0.0,0.0,22.804123711340207,38.96907216494845
76,0.6701030927835051,0.0,0.0,0.0,0.0,0.0,0.0,0.0,0.0,0.0,0.0,0.0,0.0,0.0,0.0,2.0103092783505154,0.0,0.7525773195876289,0.0,0.0,27.20618556701031,47.422680412371136
77,0.775,0.0,0.0,3.85,10.6,0.0,0.0,0.0,0.0,0.0,0.0,0.0,0.0,0.0,0.0,56.4,0.2,1.475,5.525,0.0,18.8,36.0
78,1.704,0.0,0.0,0.0,0.0,0.0,0.0,0.0,0.0,0.0,0.0,0.0,0.0,4.232,0.0,5.264,0.0,5.928,0.0,0.0,19.608,32.992
79,1.5053763440860215,0.0,0.0,0.0,0.0,0.0,0.0,0.0,0.0,0.0,0.0,0.0,0.0,0.0,0.0,4.440860215053763,0.21505376344086022,3.5268817204301075,0.0,0.0,29.849462365591396,49.43010752688172
80,1.6436781609195403,0.0,0.0,0.0,0.0,0.0,0.0,0.0,0.0,0.0,0.0,0.0,0.0,0.0,0.0,15.517241379310345,0.0,5.827586206896552,0.0,0.0,28.160919540229884,47.41379310344828
81,1.4583333333333333,0.0,0.0,0.0,0.0,0.0,0.0,0.0,0.0,0.0,0.0,0.0,0.0,0.0,0.0,5.066666666666666,0.0,2.408333333333333,0.0,0.0,30.208333333333332,50.44166666666667
82,1.7142857142857142,0.0,0.0,0.0,0.0,0.0,0.0,0.0,0.0,0.0,0.0,0.0,0.0,0.0,0.0,7.285714285714286,0.0,0.0,0.0,0.0,10.0,18.142857142857142
83,1.2432432432432432,0.0,0.0,0.0472972972972973,0.0,0.0,0.0,0.0,0.0,0.0,0.0,0.0,0.0,0.1891891891891892,0.0,4.175675675675675,0.0,2.4324324324324325,0.0,0.0,24.56081081081081,41.0945945945946
84,2.739130434782609,0.0,0.0,0.8695652173913043,0.0,0.0,0.0,0.0,0.0,0.0,0.0,0.0,0.0,0.0,0.0,30.47826086956522,0.782608695652174,16.956521739130434,1.173913043478261,0.0,16.47826086956522,30.73913043478261
85,1.9081632653061225,0.0,0.0,0.12244897959183673,0.0,0.0,0.0,0.0,0.0,0.0,0.0,0.0,0.0,0.0,0.0,4.530612244897959,0.0,2.989795918367347,0.0,0.0,26.071428571428573,45.13265306122449
86,2.7142857142857144,0.0,0.0,0.0,0.0,0.0,0.0,0.0,0.0,0.0,0.0,0.0,0.0,0.0,0.0,2.7142857142857144,0.0,0.0,0.0,0.0,10.857142857142858,25.142857142857142
87,2.3421052631578947,0.0,0.0,0.7631578947368421,0.0,0.0,0.0,0.0,0.0,0.0,0.0,0.0,0.0,0.3684210526315789,0.0,50.60526315789474,0.18421052631578946,0.0,0.0,0.8421052631578947,53.28947368421053,85.13157894736842
88,2.9038461538461537,0.0,0.0,0.11538461538461539,0.0,0.0,0.0,0.04487179487179487,0.038461538461538464,0.21794871794871795,0.0,0.0,0.0,0.0,0.0,6.9423076923076925,0.01282051282051282,3.8205128205128207,1.6217948717948718,0.0,38.1025641025641,63.81410256410256
89,2.8260869565217392,0.0,0.08074534161490683,0.0,0.0,0.0,0.0,0.0,0.0,0.0,0.0,0.0,0.0,0.0,0.0,5.565217391304348,0.0,1.813664596273292,0.0,0.0,17.142857142857142,30.614906832298136
90,1.1818181818181819,0.0,0.0,0.0,0.0,0.0,0.0,0.0,0.0,0.0,0.0,0.0,0.0,0.0,0.0,3.3636363636363638,0.0,2.4545454545454546,0.0,0.0,7.454545454545454,11.0
91,2.353909465020576,0.0,0.0,0.05761316872427984,0.0,0.0,0.0,0.08641975308641975,0.0,0.0,0.0,0.0,0.0,0.0,0.0,4.757201646090535,0.0,2.9794238683127574,0.0,0.0,28.93415637860082,48.674897119341566
92,2.6473214285714284,0.0,0.0,0.3169642857142857,0.0,0.0,0.0,0.0,0.0,0.0,0.0,0.0,0.0,0.0,0.0,2.2901785714285716,0.0,1.3125,0.0,0.0,14.660714285714286,25.607142857142858
93,1.9333333333333333,0.0,0.0,2.0,8.133333333333333,0.0,0.0,0.0,0.0,0.0,0.0,0.0,0.0,25.733333333333334,0.0,53.8,0.13333333333333333,0.0,1.3333333333333333,0.0,59.46666666666667,97.4
94,2.35,0.0,0.0,0.15,0.3,0.0,0.0,0.0,0.0,0.0,0.0,0.0,0.0,1.2,0.0,25.35,0.0,0.0,1.3,0.0,85.2,145.3
95,2.4722222222222223,0.0,0.0,0.10714285714285714,0.0,0.0,0.0,0.047619047619047616,0.0,0.0,0.0,0.0,0.0,0.0,0.0,3.134920634920635,0.0,1.626984126984127,0.0,0.0,16.373015873015873,27.05952380952381
96,1.1271186440677967,0.0,0.0,4.923728813559322,0.0,0.0,0.0,0.5254237288135594,0.0,0.0,0.0,0.0,0.0,0.0,0.0,10.025423728813559,0.0,3.9915254237288136,0.0,0.0,20.1864406779661,33.347457627118644
97,0.4117647058823529,0.0,0.0,2.627450980392157,0.0,0.0,0.0,0.0,0.0,0.0,0.0,0.0,0.0,0.0,0.0,6.676470588235294,0.0,5.049019607843137,0.0,0.0,20.58823529411765,34.84313725490196
98,1.830188679245283,0.0,0.0,0.0,0.0,0.0,0.0,0.0,0.0,0.0,0.0,0.0,0.0,0.0,0.0,3.7358490566037736,0.0,3.0377358490566038,0.0,0.0,27.12264150943396,46.9811320754717
99,2.985074626865672,0.0,0.0,0.0,0.0,0.0,0.0,0.0,0.0,0.08955223880597014,0.0,0.0,0.0,0.014925373134328358,1.9701492537313432,33.1044776119403,0.7313432835820896,9.373134328358208,1.835820895522388,0.0,35.91044776119403,62.582089552238806
100,5.173913043478261,0.0,0.0,0.0,0.0,0.0,0.0,0.0,0.0,0.0,0.0,0.0,0.0,0.13043478260869565,0.0,5.434782608695652,0.0,7.913043478260869,0.0,0.0,13.347826086956522,21.47826086956522
101,1.6538461538461537,0.0,0.0,0.0,0.0,0.0,0.0,0.0,0.0,0.0,0.0,0.0,0.0,0.028846153846153848,0.0,1.3846153846153846,0.0,0.4807692307692308,0.0,0.0,32.77884615384615,56.96153846153846
102,3.7157894736842105,0.0,0.0,0.0,0.0,0.0,0.0,0.0,0.0,0.0,0.0,0.0,0.0,0.0,0.0,0.8631578947368421,0.0,0.0,0.0,0.0,32.410526315789475,53.83157894736842
103,3.28,0.0,0.0,12.88,5.32,0.0,0.0,3.2,0.0,0.0,7.24,0.0,0.0,0.0,0.0,16.6,0.0,7.88,3.2,0.0,8.28,15.2
104,3.45,0.0,0.0,0.0,0.0,0.0,0.0,0.0,0.0,0.0,0.0,0.0,0.0,18.5,1.1,111.05,1.05,5.45,1.05,0.0,52.45,99.55
105,8.590909090909092,0.0,0.0,0.0,0.0,0.0,0.0,0.0,0.0,0.18181818181818182,0.0,0.0,0.0,0.0,0.0,28.727272727272727,0.18181818181818182,10.545454545454545,0.22727272727272727,0.0,17.818181818181817,27.90909090909091
106,0.9370629370629371,0.0,0.0,0.0,0.0,0.0,0.0,0.055944055944055944,0.0,0.0,0.0,0.0,0.0,0.8111888111888111,0.0,5.230769230769231,0.02097902097902098,9.377622377622378,0.0,0.0,31.55944055944056,54.01398601398601
107,1.253968253968254,0.0,0.0,0.0,0.0,0.0,0.0,0.0,0.0,0.0,0.0,0.0,0.0,0.746031746031746,0.0,4.817460317460317,0.0,4.380952380952381,0.0,0.0,22.8015873015873,41.07936507936508
108,1.6263157894736842,0.0,0.0,0.10526315789473684,0.0,0.0,0.0,0.06315789473684211,0.0,0.1,0.0,0.0,0.0,0.0,0.0,4.105263157894737,0.0,2.7473684210526317,0.0,0.0,38.01578947368421,63.705263157894734
109,0.0,0.0,0.0,2.125,6.8125,0.0,0.0,0.0,0.0,0.0,0.0,0.0,0.0,1.3125,0.0,12.09375,0.0,0.0,9.0625,0.0,43.8125,75.09375
110,1.5,0.0,0.0,0.0,0.0,0.0,0.0,0.0,0.0,0.0,0.0,0.0,0.0,0.0,0.0,2.8793103448275863,0.0,3.1810344827586206,0.0,0.0,30.71551724137931,51.23275862068966
111,0.0,0.0,0.0,1.9666666666666666,0.0,0.0,0.0,0.0,0.0,0.0,0.0,0.0,0.0,0.43333333333333335,0.0,82.96666666666667,0.0,0.16666666666666666,2.433333333333333,0.0,43.06666666666667,75.0
112,0.0,0.0,0.0,1.0666666666666667,3.066666666666667,0.0,0.0,0.0,0.0,0.0,0.0,0.0,0.0,4.6,0.0,82.66666666666667,0.9333333333333333,0.0,2.7333333333333334,0.0,34.13333333333333,59.4
113,1.3673469387755102,0.0,0.0,3.061224489795918,0.0,0.0,0.0,0.0,0.0,0.0,0.0,0.0,0.0,0.0,0.0,36.38775510204081,0.02040816326530612,8.714285714285714,1.9591836734693877,0.0,36.04081632653061,61.857142857142854
114,1.5063291139240507,0.0,0.0,0.05063291139240506,0.0,0.0,0.0,0.0,0.0,0.0,0.0,0.0,0.0,0.0,0.0,36.0253164556962,0.17721518987341772,13.20253164556962,0.05063291139240506,0.0,22.544303797468356,39.50632911392405
115,0.0,0.0,0.0,1.9,2.0,0.0,0.0,0.0,0.0,0.0,0.0,0.0,0.0,5.7,0.0,18.8,0.0,0.0,3.5,0.0,32.0,58.6
116,2.7971014492753623,0.0,0.0,0.028985507246376812,0.0,0.0,0.036231884057971016,0.4855072463768116,0.0,0.007246376811594203,0.0,0.0,0.0,20.079710144927535,0.572463768115942,6.601449275362318,0.0,7.1521739130434785,0.0,0.0,41.06521739130435,68.97826086956522
117,0.8,0.0,0.0,0.0,0.0,0.0,0.0,0.13333333333333333,0.0,0.0,0.0,0.0,0.0,0.0,0.0,2.311111111111111,0.0,1.8666666666666667,0.0,0.0,18.733333333333334,30.444444444444443
118,2.3333333333333335,0.0,0.0,0.0,0.0,0.0,0.0,0.0,0.0,0.0,0.0,0.0,0.0,0.5555555555555556,0.0,17.11111111111111,0.0,5.138888888888889,0.0,0.0,20.944444444444443,32.666666666666664
119,0.0,0.0,0.0,0.0,8.8125,0.0,0.0,0.0,0.0,0.0,5.53125,0.0,0.0,3.375,0.0,31.90625,0.21875,0.0,15.40625,0.0,53.25,91.21875
120,1.3368421052631578,0.0,0.0,0.0,0.0,0.0,0.0,0.0,0.0,0.0,0.0,0.0,0.0,0.0,0.0,1.3263157894736841,0.0,0.29473684210526313,0.0,0.0,18.11578947368421,31.789473684210527
121,1.2027972027972027,0.0,0.0,0.18181818181818182,0.0,0.0,0.0,0.13286713286713286,0.0,0.0,0.0,0.0,0.0,0.0,0.0,2.993006993006993,0.0,3.090909090909091,0.11888111888111888,0.0,25.041958041958043,42.13286713286713
122,2.3896103896103895,0.0,0.0,0.35064935064935066,0.23376623376623376,0.0,0.0,0.4025974025974026,0.0,0.0,0.0,0.0,0.0,0.0,0.0,7.285714285714286,0.0,5.337662337662338,0.06493506493506493,0.0,9.402597402597403,16.493506493506494
123,3.1219512195121952,0.0,0.0,0.0,0.0,0.0,0.0,0.0,0.0,0.0,0.0,0.0,0.0,0.0,0.0,0.1951219512195122,0.0,0.7317073170731707,0.0,0.0,11.292682926829269,19.609756097560975
124,1.121212121212121,0.0,0.0,0.0,0.0,0.0,0.0,0.07575757575757576,0.0,0.0,0.0,0.0,0.0,0.0,0.0,2.3484848484848486,0.0,4.575757575757576,0.0,0.0,18.484848484848484,31.954545454545453
125,2.3846153846153846,0.0,0.0,0.0,0.0,0.0,0.0,0.0,0.0,0.0,0.0,0.0,0.0,0.0,0.0,2.3076923076923075,0.0,0.0,0.0,0.0,7.461538461538462,12.307692307692308
126,1.5384615384615385,0.0,0.0,0.0,0.0,0.0,0.0,0.0,0.0,0.0,0.8076923076923077,0.0,0.0,0.0,0.0,24.76923076923077,0.0,10.307692307692308,0.0,0.0,25.96153846153846,41.73076923076923
127,0.375,0.0,0.0,0.0,0.0,0.0,0.0,0.0,0.0,0.0,0.0,0.0,0.0,0.0,0.0,6.041666666666667,0.0,4.208333333333333,0.0,0.0,10.958333333333334,15.958333333333334
128,1.0769230769230769,0.0,0.0,7.038461538461538,32.23076923076923,0.0,0.0,3.5384615384615383,0.0,0.0,7.269230769230769,0.0,0.0,0.6538461538461539,0.0,64.0,0.0,3.0,5.038461538461538,0.0,23.115384615384617,43.65384615384615
129,2.4210526315789473,0.0,0.0,1.105263157894737,0.0,0.0,0.0,0.0,0.0,0.0,0.0,0.0,0.0,0.0,0.0,30.63157894736842,0.0,5.157894736842105,0.7368421052631579,0.0,14.631578947368421,27.105263157894736
130,2.4022988505747125,0.0,0.0,0.1839080459770115,0.0,0.0,0.04597701149425287,0.12643678160919541,0.0,0.0,0.0,0.0,0.0,1.5862068965517242,0.022988505747126436,3.5977011494252875,0.0,3.4482758620689653,0.0,0.0,43.172413793103445,71.70114942528735
131,4.161616161616162,0.0,0.0,0.0707070707070707,0.0,0.0,0.0,0.0,0.0,0.0,0.0,0.0,0.0,0.0,0.0,10.787878787878787,0.030303030303030304,3.505050505050505,0.0707070707070707,0.0,21.68686868686869,38.76767676767677
132,3.9305555555555554,0.0,0.0,4.375,0.25,0.0,0.9027777777777778,0.7361111111111112,0.0,0.0,2.6666666666666665,0.0,0.0,0.1111111111111111,1.5,6.527777777777778,0.0,5.722222222222222,0.6527777777777778,0.0,27.65277777777778,43.77777777777778
133,0.8771929824561403,0.0,0.0,0.4473684210526316,0.0,0.0,0.0,0.02631578947368421,0.0,0.0,0.0,0.0,0.0,0.7368421052631579,0.0,2.8508771929824563,0.0,2.6052631578947367,0.0,0.0,18.30701754385965,32.35087719298246
134,4.45945945945946,0.0,0.0,0.0,0.0,0.0,0.0,0.0,0.0,0.0,30.135135135135137,0.0,0.0,0.0,0.0,21.72972972972973,0.0,0.6756756756756757,0.0,0.0,51.054054054054056,87.78378378378379
135,1.558139534883721,0.0,0.0,0.0,0.0,0.0,0.0,0.0,0.0,0.0,0.0,0.0,0.0,0.0,0.0,12.290697674418604,0.0,0.5232558139534884,0.0,0.0,42.19767441860465,71.27906976744185
136,0.6363636363636364,0.0,0.0,1.2545454545454546,5.490909090909091,0.0,0.0,0.5818181818181818,0.0,0.0,4.872727272727273,0.0,0.0,6.163636363636364,0.0,50.74545454545454,0.0,0.0,6.5636363636363635,0.0,49.163636363636364,82.76363636363637
137,0.8931297709923665,0.0,0.0,0.0,0.0,0.0,0.0,0.04580152671755725,0.0,0.0,0.0,0.0,0.0,0.0,0.0,4.183206106870229,0.0,5.419847328244275,0.0,0.0,18.793893129770993,34.595419847328245
138,0.6818181818181818,0.0,0.0,0.18181818181818182,0.0,0.0,0.0,0.0,0.0,0.0,0.0,0.0,0.0,0.0,0.0,12.090909090909092,0.0,5.318181818181818,0.0,0.0,15.0,24.59090909090909
139,1.1,0.0,0.0,0.675,0.0,0.0,0.0,0.025,0.0,0.0,3.175,0.0,0.0,0.0,0.0,6.975,0.0,3.425,0.0,0.0,17.125,27.5
140,2.25,0.0,0.0,0.0,0.0,0.0,0.0,0.0,0.0,0.0,12.716666666666667,0.0,0.0,0.0,0.0,8.0,0.0,1.1666666666666667,0.0,0.0,40.81666666666667,73.35
141,1.734375,0.0,0.0,0.0,0.0,0.0,0.0,0.0,0.0,0.0,0.0,0.0,0.0,0.0,0.0,5.5,0.0,6.25,0.0,0.0,14.25,23.5
142,2.2222222222222223,0.0,0.0,2.0,3.2888888888888888,0.0,0.0,0.17777777777777778,0.0,0.0,0.3111111111111111,0.0,0.0,1.0222222222222221,0.0,61.51111111111111,0.0,6.0,2.6,0.0,42.91111111111111,74.37777777777778
143,1.2620689655172415,0.0,0.0,1.7655172413793103,0.4896551724137931,0.0,0.0,0.0,0.0,0.0,2.5517241379310347,0.0,0.0,0.0,0.0,2.7448275862068967,0.0,0.7517241379310344,0.20689655172413793,0.0,28.28965517241379,46.33103448275862
144,1.864864864864865,0.0,0.0,0.0,0.0,0.0,0.0,0.0,0.0,0.0,0.0,0.0,0.0,0.02702702702702703,0.0,3.418918918918919,0.0,7.783783783783784,0.0,0.0,13.5,24.10810810810811
145,2.6271186440677967,0.0,0.0,0.8813559322033898,0.0,0.0,0.0,0.0,0.0,0.1694915254237288,0.0,0.0,0.0,0.0,0.0,7.237288135593221,0.0,4.8474576271186445,0.0,0.0,30.28813559322034,50.40677966101695
146,3.7,0.0,0.0,0.0,0.0,0.0,0.0,0.0,0.0,0.0,0.0,0.0,0.0,0.0,0.0,3.3,0.0,0.0,0.0,0.0,18.45,32.75
147,4.2298850574712645,0.0,0.0,1.3563218390804597,0.0,0.0,0.0,2.3793103448275863,0.0,0.0,0.0,0.0,0.0,0.0,0.0,7.425287356321839,0.0,2.839080459770115,0.0,0.0,30.885057471264368,52.735632183908045
148,2.28,0.0,0.0,0.0,0.0,0.0,0.0,0.0,0.0,0.0,0.0,0.0,0.0,0.0,0.0,1.88,0.0,0.22,0.0,0.0,21.24,37.94
149,2.126984126984127,0.0,0.0,0.031746031746031744,0.0,0.0,0.0,0.0,0.0,0.0,0.0,0.0,0.0,0.0,0.0,2.6666666666666665,0.0,1.9365079365079365,0.0,0.0,42.333333333333336,75.55555555555556
150,0.19753086419753085,0.0,0.0,3.4444444444444446,2.5925925925925926,0.0,0.0,0.1728395061728395,0.0,0.0,9.518518518518519,0.0,0.0,0.0,0.0,2.0246913580246915,0.0,0.8024691358024691,0.9259259259259259,0.0,11.246913580246913,19.493827160493826
151,2.590909090909091,0.0,0.0,0.0,0.0,0.0,0.0,0.0,0.0,0.0,0.0,0.0,0.0,0.0,0.0,1.0909090909090908,0.0,0.9545454545454546,0.0,0.0,18.40909090909091,32.97727272727273
152,4.660714285714286,0.0,0.0,0.2857142857142857,0.8928571428571429,0.0,0.0,0.0,0.0,0.48214285714285715,0.0,0.0,0.0,0.0,0.0,27.964285714285715,0.14285714285714285,9.642857142857142,4.053571428571429,0.0,34.910714285714285,59.589285714285715
153,1.348148148148148,0.0,0.0,0.5333333333333333,0.4,0.0,0.0,0.0,0.0,0.0,1.2518518518518518,0.0,0.0,0.0,0.0,4.992592592592593,0.0,6.274074074074074,0.4,0.0,35.74814814814815,61.333333333333336
154,2.0608695652173914,0.0,0.0,0.02608695652173913,0.0,0.0,0.0,0.034782608695652174,0.0,0.0,0.0,0.0,0.0,0.0,0.0,2.4869565217391303,0.0,2.6782608695652175,0.0,0.0,32.51304347826087,56.29565217391304
155,1.9107142857142858,0.0,0.0,0.017857142857142856,0.0,0.0,0.0,0.0,0.0,0.0,0.0,0.0,0.0,0.0,0.0,1.7142857142857142,0.0,0.8035714285714286,0.0,0.0,31.857142857142858,55.035714285714285
156,1.8727272727272728,0.0,0.0,0.0,0.0,0.0,0.0,0.0,0.0,0.0,0.0,0.0,0.0,0.0,0.0,4.818181818181818,0.0,3.1272727272727274,0.0,0.0,10.381818181818181,17.98181818181818
157,2.2363636363636363,0.0,0.0,0.2727272727272727,0.0,0.0,0.0,0.0,0.0,0.045454545454545456,0.0,0.0,0.0,0.0,0.0,1.8545454545454545,0.0,2.390909090909091,0.0,0.0,36.263636363636365,61.10909090909091
158,2.168421052631579,0.0,0.0,0.0,0.0,0.0,0.0,0.0,0.0,0.010526315789473684,0.0,0.0,0.0,0.0,0.0,4.252631578947368,0.0,0.6,0.0,0.0,33.44210526315789,56.44210526315789
159,1.1293103448275863,0.0,0.0,0.0,0.0,0.0,0.0,0.06896551724137931,0.0,0.0,0.0,0.0,0.0,0.0,0.0,21.612068965517242,0.0,4.775862068965517,0.0,0.0,31.18103448275862,52.16379310344828
160,1.7674418604651163,0.0,0.0,0.3488372093023256,0.9767441860465116,0.0,0.0,0.0,0.0,0.0,0.0,0.0,0.0,0.0,0.0,7.813953488372093,0.0,11.372093023255815,0.13953488372093023,0.0,12.883720930232558,19.25581395348837
161,1.9811320754716981,0.0,0.0,0.07547169811320754,0.0,0.0,0.0,0.0,0.0,0.0,0.0,0.0,0.0,0.0,0.0,1.8584905660377358,0.0,1.2735849056603774,0.03773584905660377,0.0,35.009433962264154,58.867924528301884
162,2.8666666666666667,0.0,0.0,0.5333333333333333,0.0,0.0,0.0,0.0,0.0,0.0,0.0,0.0,0.0,0.0,0.0,1.8666666666666667,0.0,0.26666666666666666,0.0,0.0,9.4,15.733333333333333
163,3.081081081081081,0.0,0.0,0.0,0.0,0.0,0.0,0.0,0.0,0.1891891891891892,0.0,0.0,0.0,0.0,0.0,9.027027027027026,0.2972972972972973,4.891891891891892,6.675675675675675,0.0,33.08108108108108,54.810810810810814
164,1.4180327868852458,0.0,0.0,0.02459016393442623,0.040983606557377046,0.0,0.0,0.02459016393442623,0.0,0.0,0.0,0.0,0.0,0.0,0.0,2.3852459016393444,0.0,3.778688524590164,0.0,0.0,34.40983606557377,58.19672131147541
165,2.2941176470588234,0.0,0.0,0.0,0.0,0.0,0.0,0.0,0.0,0.0,0.0,0.0,0.0,0.0,0.0,11.764705882352942,0.0,2.6470588235294117,0.0,0.0,14.823529411764707,24.176470588235293
166,2.893081761006289,0.0,0.0,0.0,0.0,0.0,0.0,0.0,0.0,0.2641509433962264,0.0,0.0,0.0,0.0,0.0,3.49685534591195,0.0,0.39622641509433965,0.0,0.0,43.723270440251575,73.78616352201257
167,2.185185185185185,0.0,0.0,0.0,0.0,0.0,0.0,0.0,0.0,0.0,0.0,0.0,0.0,0.0,0.0,1.0833333333333333,0.0,0.3888888888888889,0.0,0.0,29.22222222222222,52.22222222222222
168,0.5925925925925926,0.0,0.0,0.6049382716049383,0.0,0.0,0.0,0.0,0.0,0.0,0.0,0.0,0.0,0.0,0.0,5.0246913580246915,0.0,0.5925925925925926,0.0,0.0,35.25925925925926,59.49382716049383
169,1.9814814814814814,0.0,0.0,0.0,0.0,0.0,0.0,0.0,0.0,0.0,0.0,0.0,0.0,0.0,0.0,4.888888888888889,0.0,1.6481481481481481,0.0,0.0,46.111111111111114,82.22222222222223
170,1.186046511627907,0.0,0.0,0.0,0.0,0.0,0.0,0.0,0.0,0.023255813953488372,0.0,0.0,0.0,0.0,0.0,5.488372093023256,0.0,1.8837209302325582,0.0,0.0,42.45348837209303,69.45348837209302
171,3.6923076923076925,0.0,0.0,0.0,0.0,0.0,0.0,0.0,0.0,0.0,0.0,0.0,0.0,0.0,0.0,3.0,0.0,0.7692307692307693,0.0,0.0,19.076923076923077,34.30769230769231
172,2.4269662921348316,0.0,0.0,0.011235955056179775,0.0,0.0,0.0,0.0,0.0,0.0,0.0,0.0,0.0,1.3146067415730338,0.0,2.50561797752809,0.0,2.6853932584269664,0.0,0.0,23.629213483146067,40.53932584269663
173,1.6666666666666667,0.0,0.0,0.7857142857142857,0.0,0.0,0.0,0.0,0.0,0.0,0.0,0.0,0.0,0.0,0.0,17.61904761904762,0.0,9.19047619047619,0.11904761904761904,0.0,21.0,32.785714285714285
174,0.5,0.0,0.0,0.0,0.0,0.0,0.0,0.0,0.0,0.0,0.0,0.0,0.0,0.0,0.0,5.75,0.0,0.25,0.0,0.0,19.666666666666668,29.416666666666668
175,0.0,0.0,0.0,0.0,0.0,0.0,0.0,0.0,0.0,0.0,0.0,0.0,0.0,8.8125,0.0,49.40625,2.96875,0.09375,0.0,5.5,33.84375,57.375
176,1.5579710144927537,0.0,0.0,0.0,0.0,0.0,0.0,0.0,0.0,0.0,0.0,0.0,0.0,0.0,0.0,5.782608695652174,0.0,2.289855072463768,0.0,0.0,31.22463768115942,55.06521739130435
177,2.739130434782609,0.0,0.0,0.0,0.0,0.0,0.0,0.0,0.0,0.0,0.0,0.0,0.0,1.4,0.0,1.1043478260869566,0.0,0.8260869565217391,0.0,0.0,15.130434782608695,24.14782608695652
178,3.0,0.0,0.0,0.0,0.0,0.0,0.0,0.0,0.0,0.0,0.0,0.0,0.0,0.0,0.0,2.8,0.0,7.0,0.0,0.0,18.0,22.8
179,9.428571428571429,0.0,0.0,0.0,0.0,0.0,0.0,0.0,0.0,0.0,0.0,0.0,0.0,0.0,0.0,22.071428571428573,0.0,3.642857142857143,0.0,0.0,12.214285714285714,18.571428571428573
180,0.9910714285714286,0.0,0.0,0.08928571428571429,0.0,0.0,0.0,0.0,0.0,0.0,0.0,0.0,0.0,0.0,0.0,9.9375,0.13392857142857142,3.3035714285714284,0.0,0.0,27.482142857142858,47.214285714285715
181,3.744186046511628,0.0,0.0,0.0,0.0,0.0,0.0,0.0,0.0,0.0,0.0,0.0,0.0,0.0,0.0,9.744186046511627,0.0,5.372093023255814,0.0,0.0,12.674418604651162,22.41860465116279
182,6.4787234042553195,0.0,0.18085106382978725,0.6170212765957447,0.1702127659574468,0.0,0.13829787234042554,0.0,0.0,0.2553191489361702,0.0,0.0,0.0,0.0,0.0,6.117021276595745,0.0,7.053191489361702,0.925531914893617,0.0,31.851063829787233,52.5531914893617
183,1.588235294117647,0.0,0.0,0.0,0.0,0.0,0.0,0.0,0.0,0.0,0.0,0.0,0.0,0.0,0.0,4.0588235294117645,0.0,1.988235294117647,0.0,0.0,20.36470588235294,34.65882352941176
184,2.742574257425743,0.0,0.0,0.0,0.0,0.0,0.0,0.0,0.0,0.0,0.0,0.0,0.0,0.0,0.0,2.727722772277228,0.019801980198019802,0.8663366336633663,0.0,0.0,20.103960396039604,33.76237623762376
185,3.903225806451613,0.0,0.0,3.564516129032258,0.0,0.0,0.0,1.5483870967741935,0.0,0.0,8.161290322580646,0.0,0.0,0.0,0.0,1.9193548387096775,0.0,0.27419354838709675,2.774193548387097,0.0,18.112903225806452,33.16129032258065
186,1.8172043010752688,0.0,0.0,0.0,0.0,0.0,0.0,0.0,0.0,0.0,0.0,0.0,0.0,0.0,0.0,2.3763440860215055,0.10752688172043011,0.8172043010752689,0.0,0.0,16.182795698924732,27.677419354838708
187,5.686046511627907,0.0,0.0,0.6744186046511628,0.3488372093023256,0.0,0.0,0.0,0.0,0.0,0.0,0.0,0.0,0.0,0.0,57.30232558139535,0.4418604651162791,9.779069767441861,1.9767441860465116,0.0,13.790697674418604,23.86046511627907
188,5.264705882352941,0.0,0.0,0.0,0.0,0.0,0.0,0.0,0.0,0.21568627450980393,0.0,0.0,0.0,0.0,0.0,1.9509803921568627,0.06862745098039216,0.5098039215686274,0.0,0.0,25.313725490196077,44.23529411764706
189,3.1666666666666665,0.0,0.0,1.0625,0.0,0.0,0.14583333333333334,0.0,0.0,0.22916666666666666,0.0,0.0,0.0,0.0,4.291666666666667,20.208333333333332,1.25,26.479166666666668,0.0,0.0,31.0,49.520833333333336
190,2.630252100840336,0.0,0.0,0.0,0.0,0.0,0.0,0.0,0.0,0.0,0.0,0.0,0.0,0.0,0.0,1.453781512605042,0.03361344537815126,0.2857142857142857,0.0,0.0,16.647058823529413,30.369747899159663
191,4.583333333333333,0.0,0.0,1.0,0.0,0.0,0.0,0.25,0.0,0.0,1.4166666666666667,0.0,0.0,0.0,0.0,7.666666666666667,0.0,0.0,0.6666666666666666,0.0,8.916666666666666,15.833333333333334
192,1.456140350877193,0.0,0.0,8.859649122807017,13.964912280701755,0.0,0.0,0.8070175438596491,0.0,0.0,22.894736842105264,0.0,0.0,0.0,0.0,48.26315789473684,0.0,0.0,6.368421052631579,0.0,35.228070175438596,60.14035087719298
193,2.8333333333333335,0.0,0.0,0.0,0.0,0.0,0.0,0.0,0.0,0.0,0.0,0.0,0.0,0.0,0.0,3.9743589743589745,0.0,2.5256410256410255,0.0,0.0,26.371794871794872,42.98717948717949
194,2.9655172413793105,0.0,0.0,0.0,0.0,0.0,0.0,0.0,0.0,0.0,0.0,0.0,0.0,0.0,0.0,89.24137931034483,0.2413793103448276,0.0,1.3103448275862069,0.0,5.827586206896552,11.068965517241379
195,3.3454545454545452,0.0,0.0,3.2545454545454544,4.8545454545454545,0.0,0.0,0.10909090909090909,0.0,0.0,0.0,0.0,0.0,0.0,0.0,76.87272727272727,0.38181818181818183,9.090909090909092,2.9454545454545453,0.0,7.090909090909091,11.563636363636364
196,3.6052631578947367,0.0,0.0,0.6052631578947368,0.0,0.0,0.0,0.0,0.0,0.23684210526315788,0.0,0.0,0.0,0.0,0.7105263157894737,15.5,0.6842105263157895,15.68421052631579,0.0,0.0,25.5,43.55263157894737
197,2.740740740740741,0.0,0.0,2.5555555555555554,1.4814814814814814,0.0,0.0,0.0,0.0,0.0,0.0,0.0,0.0,0.0,0.0,68.92592592592592,0.2222222222222222,2.8518518518518516,2.5185185185185186,0.0,8.518518518518519,14.703703703703704
198,3.9565217391304346,0.0,0.0,0.0,0.0,0.0,0.0,0.0,0.0,0.0,0.0,0.0,0.0,0.0,0.0,1.9130434782608696,0.0,0.391304347826087,0.0,0.0,13.434782608695652,26.782608695652176
199,2.2,0.0,0.0,0.168,0.752,0.0,0.024,0.04,0.0,0.008,0.0,0.0,0.0,0.0,0.0,3.392,0.032,1.712,0.0,0.0,34.576,58.112
200,2.3058823529411763,0.0,0.0,0.0,0.0,0.0,0.011764705882352941,0.0,0.0,0.0,0.0,0.0,0.0,1.988235294117647,0.0,1.6235294117647059,0.11764705882352941,0.03529411764705882,0.0,0.0,39.22352941176471,68.45882352941176
201,2.5892857142857144,0.0,0.0,0.39285714285714285,0.19642857142857142,0.0,0.0,0.2767857142857143,0.0,0.0,0.0,0.0,0.0,0.026785714285714284,0.0,1.7053571428571428,0.11607142857142858,3.107142857142857,0.125,0.0,14.598214285714286,24.366071428571427
202,1.7936507936507937,0.0,0.0,0.9206349206349206,0.06349206349206349,0.0,0.1111111111111111,0.023809523809523808,0.0,0.0,0.0,0.0,0.0,0.0,0.6190476190476191,1.3968253968253967,0.21428571428571427,0.9126984126984127,0.5,0.0,25.849206349206348,43.48412698412698
203,6.4,0.0,0.0,6.8,4.4,0.0,0.0,0.0,0.0,0.0,0.0,0.0,0.0,0.0,0.0,32.4,0.0,2.0,1.6,0.0,14.2,21.2
204,3.1485148514851486,0.0,0.0,0.04950495049504951,0.0,0.0,0.019801980198019802,0.0,0.0,0.0,0.0,0.0,0.0,2.0594059405940595,0.0,3.297029702970297,0.07920792079207921,2.1584158415841586,0.09900990099009901,0.0,32.277227722772274,55.84158415841584
205,1.6194029850746268,0.0,0.0,0.15671641791044777,0.0,0.0,0.0,0.0,0.0,0.0,0.0,0.0,0.0,0.0,0.0,2.5,0.1417910447761194,2.9328358208955225,0.0,0.0,28.059701492537314,48.223880597014926
206,5.8,0.0,0.0,0.0,0.0,0.0,0.0,0.0,0.0,0.0,0.0,0.0,0.0,0.0,0.0,2.1,0.6,0.0,1.0,0.0,11.9,22.8
207,3.1,0.0,0.0,0.3,0.0,0.0,1.7285714285714286,0.0,0.0,0.0,0.0,0.0,0.0,1.4714285714285715,0.0,2.7,0.8285714285714286,4.928571428571429,4.057142857142857,0.0,31.257142857142856,53.77142857142857
208,2.3434343434343434,0.0,0.0,1.1616161616161615,0.0,0.0,1.3838383838383839,3.595959595959596,0.0,0.42424242424242425,1.0404040404040404,0.0,0.0,0.0,0.9494949494949495,8.474747474747474,1.1414141414141414,8.121212121212121,1.5353535353535352,0.0,18.97979797979798,34.08080808080808
209,1.901639344262295,0.0,0.0,0.5081967213114754,0.0,0.0,0.0,0.0,0.0,0.0,4.426229508196721,0.0,0.0,0.639344262295082,0.0,2.540983606557377,0.03278688524590164,2.0655737704918034,0.819672131147541,0.0,20.934426229508198,33.540983606557376
210,2.3333333333333335,0.0,0.0,0.0,0.0,0.0,0.0,0.0,0.0,0.0,0.0,0.0,0.0,0.0,0.0,1.5208333333333333,0.14583333333333334,0.3645833333333333,0.0,0.3854166666666667,24.1875,41.125
211,2.0114942528735633,0.0,0.0,1.6091954022988506,2.1379310344827585,0.0,0.0,0.0,0.0,0.0,0.0,0.0,0.0,0.0,0.0,44.7816091954023,0.06896551724137931,8.919540229885058,1.528735632183908,0.0,9.505747126436782,15.60919540229885
212,2.0240963855421685,0.0,0.0,4.831325301204819,1.927710843373494,0.0,0.0,0.39759036144578314,0.0,0.0,0.0,0.0,0.0,5.108433734939759,0.0,3.602409638554217,0.40963855421686746,0.6867469879518072,1.5542168674698795,0.0,21.59036144578313,37.6144578313253
213,2.8076923076923075,0.0,0.0,0.7307692307692307,0.0,0.0,0.7307692307692307,0.0,0.0,0.0,0.0,0.0,0.0,0.3076923076923077,0.0,13.153846153846153,0.38461538461538464,10.538461538461538,4.384615384615385,0.0,9.115384615384615,15.153846153846153
214,1.33,0.0,0.0,0.0,0.0,0.0,0.0,0.0,0.0,0.0,0.0,0.0,0.0,0.0,0.0,2.11,0.06,1.14,0.0,0.0,31.72,55.28
215,0.15789473684210525,0.0,0.0,4.2631578947368425,16.789473684210527,0.0,0.0,0.0,0.0,0.0,28.894736842105264,0.0,0.0,0.0,0.0,9.671052631578947,0.0,0.09210526315789473,4.697368421052632,0.0,26.32894736842105,49.75
216,2.55,0.0,0.0,0.0,0.0,0.0,0.0,0.0,0.0,0.0,0.0,0.0,0.0,0.0,0.0,9.675,0.0,9.725,0.0,0.0,18.575,29.4
217,1.3962264150943395,0.0,0.0,1.2075471698113207,0.0,0.0,0.0,0.0,0.0,0.0,12.132075471698114,0.0,0.0,0.05660377358490566,0.0,1.5471698113207548,0.0,0.5094339622641509,1.2830188679245282,0.0,42.24528301886792,71.05660377358491
218,2.125,0.0,0.0,0.0,0.0,0.0,0.0,0.0,0.0,0.0,0.0,0.0,0.0,0.0,0.0,2.0,0.0,11.25,0.0,0.0,13.125,21.375
219,2.7,0.0,0.0,2.3333333333333335,3.8333333333333335,0.0,0.0,0.0,0.0,0.0,5.1,0.0,0.0,0.26666666666666666,0.0,72.46666666666667,0.0,0.0,3.4,0.0,34.833333333333336,57.266666666666666
220,0.0,0.0,0.0,4.0,13.208333333333334,0.0,0.0,0.0,0.0,0.0,18.145833333333332,0.0,0.0,0.0,0.0,15.791666666666666,0.0,0.0,3.7083333333333335,0.0,31.25,53.604166666666664
221,0.24285714285714285,0.0,0.0,2.1857142857142855,4.442857142857143,0.0,0.0,0.3142857142857143,0.0,0.0,7.457142857142857,0.0,0.0,0.0,0.0,9.285714285714286,0.0,2.7285714285714286,5.757142857142857,0.0,35.0,62.44285714285714
222,1.676923076923077,0.0,0.0,0.2923076923076923,0.0,0.0,0.0,0.0,0.0,0.0,0.0,0.0,0.0,0.0,0.0,8.184615384615384,0.0,4.523076923076923,0.4153846153846154,0.0,39.33846153846154,65.36923076923077
223,0.7435897435897436,0.0,0.0,1.358974358974359,0.4358974358974359,0.0,0.0,0.0,0.0,0.0,3.6666666666666665,0.0,0.0,0.7692307692307693,0.5897435897435898,5.794871794871795,0.07692307692307693,0.0,0.1794871794871795,0.0,36.12820512820513,62.84615384615385
224,3.2096774193548385,0.0,0.0,0.0,0.0,0.0,0.0,0.0,0.0,0.12903225806451613,0.0,0.0,0.0,0.0,0.0,2.2903225806451615,0.0,2.4516129032258065,0.0,0.0,37.16129032258065,61.87096774193548
225,0.6029411764705882,0.0,0.0,10.485294117647058,21.75,0.0,0.0,0.0,0.0,0.0,17.38235294117647,0.0,0.0,0.0,0.0,16.397058823529413,0.0,0.9852941176470589,7.75,0.0,28.955882352941178,51.89705882352941
226,1.798165137614679,0.0,0.0,0.0,0.0,0.0,0.0,0.0,0.0,0.0,0.0,0.0,0.0,0.0,0.0,1.2201834862385321,0.0,0.1651376146788991,0.0,0.0,33.11926605504587,59.77981651376147
227,2.390625,0.0,0.0,1.015625,1.890625,0.0,0.0,0.0,0.0,0.0,4.109375,0.0,0.0,14.484375,0.53125,43.078125,0.0,4.484375,1.953125,0.0,69.765625,121.71875
228,2.138888888888889,0.0,0.0,5.111111111111111,3.7777777777777777,0.0,0.0,0.05555555555555555,0.0,0.0,0.0,0.0,0.0,4.111111111111111,3.9444444444444446,25.083333333333332,2.75,0.1111111111111111,0.5833333333333334,2.9166666666666665,41.888888888888886,73.0
229,2.3333333333333335,0.0,0.0,1.3529411764705883,0.0,0.0,0.0,0.0,0.23529411764705882,0.0,0.0,0.0,0.0,0.43137254901960786,0.0,17.54901960784314,0.0,5.372549019607843,1.8235294117647058,0.0,40.431372549019606,68.11764705882354
230,2.111111111111111,0.0,0.0,0.0,0.0,0.0,0.0,0.0,0.0,0.0,0.0,0.0,0.0,0.0,0.0,16.61111111111111,0.0,2.2222222222222223,0.0,0.0,15.722222222222221,28.72222222222222
231,1.3333333333333333,0.0,0.0,2.0952380952380953,0.0,0.0,0.0,0.047619047619047616,0.0,0.0,0.0,0.0,0.0,0.0,0.0,23.19047619047619,0.047619047619047616,1.4285714285714286,0.0,0.0,13.761904761904763,24.428571428571427
232,0.0,0.0,0.0,7.0,4.833333333333333,0.0,0.0,0.0,0.0,0.0,5.333333333333333,0.0,0.0,0.5,1.5,9.666666666666666,1.1666666666666667,0.0,0.0,3.3333333333333335,140.66666666666666,224.16666666666666
233,2.12,0.0,0.0,2.04,2.2133333333333334,0.0,0.0,0.13333333333333333,0.0,0.0,0.25333333333333335,0.0,0.0,0.16,0.0,8.133333333333333,0.0,11.293333333333333,2.3333333333333335,0.0,17.573333333333334,30.14666666666667
234,3.124087591240876,0.0,0.0,0.0,0.0,0.0,0.0,0.0,0.0,0.0,0.0,0.0,0.0,0.29927007299270075,0.0,3.240875912408759,0.0364963503649635,2.510948905109489,0.0364963503649635,0.0,26.467153284671532,47.75182481751825
235,0.041666666666666664,0.0,0.0,5.416666666666667,8.375,0.0,0.0,0.0,0.0,0.0,6.416666666666667,0.0,0.0,0.125,0.0,11.458333333333334,0.0,0.20833333333333334,7.875,0.0,27.458333333333332,49.041666666666664
236,0.9866666666666667,0.0,0.0,2.7066666666666666,0.6133333333333333,0.0,0.0,0.0,0.0,0.0,24.14666666666667,0.0,0.0,0.0,0.0,3.453333333333333,0.0,3.493333333333333,3.4266666666666667,0.0,18.28,35.14666666666667
237,3.769230769230769,0.0,0.0,0.0,0.0,0.0,0.0,0.0,0.0,0.0,0.0,0.0,0.0,0.0,0.0,22.692307692307693,0.0,19.692307692307693,1.3076923076923077,0.0,8.615384615384615,16.692307692307693
238,2.066666666666667,0.0,0.0,4.333333333333333,0.3333333333333333,0.0,0.0,0.4,0.0,0.0,0.0,0.0,0.0,0.0,0.06666666666666667,27.066666666666666,0.2,2.066666666666667,0.0,0.0,20.533333333333335,37.2
239,3.1914893617021276,1.4893617021276595,0.0,3.234042553191489,4.872340425531915,0.0,0.7021276595744681,0.0,0.0,0.0,4.0638297872340425,0.0,0.0,0.7021276595744681,0.5957446808510638,52.40425531914894,0.48936170212765956,1.9574468085106382,7.191489361702128,0.0,48.40425531914894,80.42553191489361
240,0.08088235294117647,0.0,0.0,3.0,1.8088235294117647,0.0,0.0,0.15441176470588236,0.0,0.0,0.25735294117647056,0.0,0.0,20.71323529411765,0.0,12.772058823529411,0.0,3.588235294117647,2.4779411764705883,0.0,38.86029411764706,68.49264705882354
241,5.166666666666667,0.0,0.0,2.2777777777777777,0.0,0.0,0.0,0.0,0.0,0.0,0.0,0.0,0.0,0.0,0.0,5.055555555555555,0.0,1.4444444444444444,2.388888888888889,0.0,24.555555555555557,45.77777777777778
242,2.5977011494252875,0.0,0.0,0.0,0.0,0.0,0.0,0.0,0.0,0.0,0.0,0.0,0.0,0.0,0.0,0.8045977011494253,0.05747126436781609,1.0689655172413792,0.0,0.0,39.275862068965516,69.79310344827586
243,1.5303030303030303,0.0,0.0,2.6818181818181817,2.287878787878788,0.0,0.0,0.0,0.0,0.0,0.0,0.0,0.0,11.878787878787879,0.0,13.363636363636363,0.0,18.515151515151516,5.090909090909091,0.0,35.5,59.09090909090909
244,1.8333333333333333,0.0,0.0,4.166666666666667,6.5,0.0,0.0,0.0,0.0,0.0,0.0,0.0,0.0,0.5,0.0,1.1666666666666667,0.0,21.0,3.5,0.0,9.333333333333334,15.666666666666666
245,3.263157894736842,0.0,0.0,0.0,0.0,0.0,0.0,0.0,0.0,0.0,0.0,0.0,0.0,0.0,0.0,2.4210526315789473,0.7368421052631579,10.631578947368421,0.0,0.0,7.947368421052632,16.0
246,2.3529411764705883,0.0,0.0,1.0588235294117647,0.38235294117647056,0.0,0.029411764705882353,0.0,0.0,0.0,0.0,0.0,0.0,50.205882352941174,1.6764705882352942,21.941176470588236,0.14705882352941177,0.6470588235294118,2.823529411764706,0.0,65.41176470588235,115.82352941176471
247,0.9433962264150944,0.0,0.0,0.9056603773584906,0.11320754716981132,0.0,0.0,0.0,0.0,0.0,12.773584905660377,0.0,0.0,4.981132075471698,0.0,2.849056603773585,0.0,5.320754716981132,1.7735849056603774,0.0,18.58490566037736,36.81132075471698
248,3.1145833333333335,0.0,0.0,0.0,0.0,0.0,0.0,0.0,0.0,0.0,0.0,0.0,0.0,1.4479166666666667,0.0,1.4791666666666667,0.0,2.4375,0.0,0.0,20.708333333333332,35.864583333333336
249,0.15853658536585366,0.0,0.0,5.195121951219512,4.109756097560975,0.0,0.1951219512195122,0.18292682926829268,0.0,0.0,21.817073170731707,0.0,0.0,0.0,0.0,1.3414634146341464,0.0,0.2804878048780488,0.0,0.0,18.426829268292682,35.0
250,3.3137254901960786,0.0,0.0,1.803921568627451,0.0,0.0,0.0,0.0,0.0,0.0,0.0,0.0,0.0,35.27450980392157,1.4313725490196079,27.058823529411764,0.5490196078431373,4.137254901960785,2.372549019607843,0.0,69.88235294117646,119.27450980392157
251,2.5166666666666666,0.0,0.0,0.0,0.0,0.0,0.0,0.0,0.0,0.0,0.0,0.0,0.0,0.0,0.0,7.933333333333334,0.0,1.1833333333333333,0.18333333333333332,0.0,34.233333333333334,58.13333333333333
252,1.144736842105263,0.0,0.0,0.0,0.0,0.0,0.0,0.0,0.0,0.0,0.0,0.0,0.0,0.32894736842105265,0.0,4.065789473684211,0.0,1.868421052631579,1.3289473684210527,0.0,33.88157894736842,59.0
253,2.681159420289855,0.0,0.0,1.0,0.0,0.0,0.0,0.0,0.0,0.0,0.6811594202898551,0.0,0.0,2.1594202898550723,0.0,4.695652173913044,0.0,21.82608695652174,1.5217391304347827,0.0,33.72463768115942,58.710144927536234
254,2.08974358974359,0.0,0.0,1.1794871794871795,0.28205128205128205,0.0,0.0,0.0,0.0,0.0,0.0,0.0,0.0,0.3076923076923077,0.0,5.730769230769231,0.0,16.871794871794872,1.1538461538461537,0.0,32.87179487179487,56.205128205128204
255,3.2875,0.0,0.0,0.0125,0.0,0.0,0.0,0.0,0.0,0.0,0.0,0.0,0.0,0.0,0.0,4.6,0.0,5.1125,0.0625,0.0,16.075,28.3625
256,3.070588235294118,0.0,0.0,0.0,0.0,0.0,0.0,0.0,0.0,0.24705882352941178,0.0,0.0,0.0,0.0,0.0,2.364705882352941,0.0,1.1647058823529413,0.0,0.0,29.28235294117647,51.21176470588235
257,2.3846153846153846,0.0,0.0,0.34615384615384615,0.0,0.0,0.0,0.0,0.0,0.0,0.0,0.0,0.0,0.0,0.0,8.653846153846153,0.5384615384615384,6.730769230769231,0.6538461538461539,0.0,9.76923076923077,16.423076923076923
258,1.8823529411764706,0.0,0.0,0.10588235294117647,0.0,0.0,0.0,0.058823529411764705,0.0,0.0,0.0,0.0,0.0,0.0,0.0,1.3411764705882352,0.0,0.8588235294117647,0.0,0.0,25.541176470588237,42.23529411764706
259,3.8119658119658117,0.0,0.0,0.37606837606837606,0.06837606837606838,0.0,0.0,0.0,0.0,0.0,0.39316239316239315,0.0,0.0,0.8547008547008547,0.0,3.1794871794871793,0.008547008547008548,5.384615384615385,0.0,0.0,16.52991452991453,27.307692307692307
260,2.7777777777777777,0.0,0.0,1.1326164874551972,0.03225806451612903,0.0,0.0,0.0,0.0,0.0,0.5483870967741935,0.0,0.0,0.16845878136200718,0.0,2.4838709677419355,0.0,3.5053763440860215,0.07885304659498207,0.0,15.46236559139785,25.67383512544803
261,6.297297297297297,0.0,0.0,1.364864864864865,0.0,0.0,0.0,0.0,0.0,0.0,0.0,0.0,0.0,0.0,0.0,2.5675675675675675,0.0,0.0,0.0,0.0,20.283783783783782,32.82432432432432
262,2.574074074074074,0.0,0.0,1.462962962962963,0.0,0.0,0.0,0.0,0.0,0.0,0.0,0.0,0.0,0.09259259259259259,0.0,18.185185185185187,0.1111111111111111,3.074074074074074,0.9814814814814815,0.0,30.962962962962962,57.24074074074074
263,3.765957446808511,0.0,0.0,1.0638297872340425,0.0,0.0,0.0,0.0,0.0,0.0,0.0,0.0,0.0,0.0,0.0,2.893617021276596,0.0,1.6170212765957446,0.0,0.0,12.212765957446809,22.148936170212767
264,0.453125,0.0,0.015625,0.71875,0.203125,0.0,1.25,1.859375,0.0,0.0,0.0,0.0,0.0,0.046875,1.453125,4.15625,1.171875,0.203125,2.03125,1.6875,45.640625,77.765625
265,2.459016393442623,0.0,0.0,0.4098360655737705,0.0,0.0,0.0,0.0,0.0,0.0,0.0,0.0,0.0,7.557377049180328,0.0,6.639344262295082,0.0,13.737704918032787,1.9344262295081966,0.0,41.98360655737705,70.21311475409836
266,1.0526315789473684,0.0,0.0,2.526315789473684,0.0,0.0,0.0,0.0,0.0,0.0,0.0,0.0,0.0,0.0,0.0,6.526315789473684,0.2894736842105263,7.894736842105263,0.25,0.0,35.51315789473684,62.23684210526316
267,3.635294117647059,0.0,0.0,0.4117647058823529,0.0,0.0,0.0,0.0,0.0,0.0,0.0,0.0,0.0,0.0,0.0,3.7529411764705882,0.058823529411764705,2.976470588235294,2.0,0.0,51.01176470588236,86.84705882352941
268,1.7169811320754718,0.0,0.0,0.08490566037735849,0.24528301886792453,0.0,0.0,0.0,0.0,0.0,0.0,0.0,0.0,0.009433962264150943,0.0,8.11320754716981,0.0,8.18867924528302,1.8584905660377358,0.0,31.433962264150942,52.867924528301884
269,3.6315789473684212,0.0,0.0,1.6578947368421053,3.736842105263158,0.0,0.0,0.02631578947368421,0.0,0.0,0.0,0.0,0.0,0.23684210526315788,0.0,9.842105263157896,0.0,17.657894736842106,1.0263157894736843,0.0,26.026315789473685,46.473684210526315
270,2.859375,0.0,0.0,0.21875,1.3515625,0.0,0.0,0.0,0.0,0.0,4.1640625,0.0,0.0,0.09375,0.0,10.34375,0.0703125,12.7578125,0.8359375,0.0,24.765625,43.2578125
271,0.7692307692307693,0.0,0.0,3.4871794871794872,0.7692307692307693,0.0,0.0,0.0,0.0,0.0,5.82051282051282,0.0,0.0,0.0,0.0,2.58974358974359,0.0,3.3846153846153846,1.641025641025641,0.0,18.17948717948718,33.8974358974359
272,1.45,0.0,0.0,5.05,12.3,0.0,0.0,0.0,0.0,0.0,47.975,0.0,0.0,0.0,0.0,1.375,0.0,1.5,8.975,0.0,12.775,25.95
273,2.2962962962962963,0.0,0.0,3.7222222222222223,0.0,0.0,0.0,0.3888888888888889,0.0,0.0,0.0,0.0,0.0,1.6666666666666667,0.0,3.6666666666666665,0.0,0.5,2.9074074074074074,0.0,31.074074074074073,50.05555555555556
274,3.107142857142857,0.0,0.0,2.642857142857143,3.642857142857143,0.0,0.0,0.0,0.0,0.0,0.0,0.0,0.0,30.428571428571427,1.1071428571428572,8.071428571428571,0.0,17.071428571428573,2.642857142857143,0.0,55.035714285714285,91.96428571428571
275,2.207792207792208,0.0,0.0,0.7012987012987013,0.05194805194805195,0.0,0.0,0.0,0.0,0.0,0.0,0.0,0.0,0.44155844155844154,0.012987012987012988,4.545454545454546,0.06493506493506493,6.181818181818182,0.8701298701298701,0.0,23.116883116883116,40.38961038961039
276,3.8257575757575757,0.0,0.0,0.06060606060606061,0.0,0.0,0.0,0.0,0.0,0.0,0.0,0.0,0.0,0.19696969696969696,0.0,1.1363636363636365,0.0,3.6893939393939394,0.0,0.0,13.25,22.78787878787879
277,1.5121951219512195,0.0,0.0,4.658536585365853,0.0,0.0,0.0,0.0,0.0,0.0,0.0,0.0,0.0,0.0,1.7317073170731707,9.804878048780488,1.1219512195121952,5.097560975609756,2.7560975609756095,0.0,46.65853658536585,78.95121951219512
278,1.9655172413793103,0.0,0.2413793103448276,1.4655172413793103,0.0,0.0,0.5,0.9655172413793104,0.0,0.0,0.0,0.0,0.0,1.0689655172413792,2.413793103448276,2.9310344827586206,1.603448275862069,2.396551724137931,2.3275862068965516,0.13793103448275862,45.41379310344828,78.56896551724138
279,3.404580152671756,0.0,0.0,0.0,0.0,0.0,0.0,0.0,0.0,0.0,0.0,0.0,0.0,0.007633587786259542,0.0,1.618320610687023,0.0,4.625954198473282,0.0,0.0,18.610687022900763,32.343511450381676
280,1.4444444444444444,0.0,0.0,0.6666666666666666,0.0,0.0,0.0,0.3333333333333333,0.0,0.0,0.0,0.0,0.0,0.2962962962962963,0.2962962962962963,11.666666666666666,0.1111111111111111,3.1481481481481484,1.962962962962963,0.0,18.62962962962963,30.51851851851852
281,1.68,0.0,0.0,0.49333333333333335,0.0,0.0,0.0,1.1066666666666667,0.0,0.0,0.0,0.0,0.0,0.0,0.0,5.973333333333334,0.0,4.026666666666666,0.0,0.0,38.24,62.6
282,4.5625,0.0,0.0,4.75,0.0,0.0,0.0,0.0,0.0,0.0,0.0,0.0,0.0,0.0,0.0,8.0625,0.0,0.0,2.375,0.0,14.6875,22.0625
283,2.8515625,0.0,0.0,0.0,0.0,0.0,0.0,0.0,0.0,0.0,0.0,0.0,0.0,0.0,0.0,4.3515625,0.0,4.671875,1.59375,0.0,33.8671875,59.734375
284,2.787878787878788,0.0,0.0,0.0,0.0,0.0,0.0,0.0,0.0,0.0,0.0,0.0,0.0,0.0,0.0,4.9393939393939394,0.06060606060606061,7.333333333333333,1.0303030303030303,0.0,27.21212121212121,46.333333333333336
285,2.6907216494845363,0.0,0.0,1.1958762886597938,0.29896907216494845,0.0,0.0,0.09278350515463918,0.0,0.0,0.0,0.0,0.0,23.670103092783506,0.5773195876288659,10.123711340206185,0.31958762886597936,15.958762886597938,1.7731958762886597,0.0,47.175257731958766,77.4639175257732
286,2.3125,0.0,0.0,0.010416666666666666,0.0,0.0,0.0,0.0,0.0,0.0,0.0,0.0,0.0,0.0,0.0,1.2708333333333333,0.0,0.8854166666666666,0.010416666666666666,0.0,23.760416666666668,40.802083333333336
287,2.7027027027027026,0.0,0.0,0.010810810810810811,0.0,0.0,0.0,0.0,0.0,0.0,0.0,0.0,0.0,0.005405405405405406,0.0,2.4216216216216218,0.05405405405405406,1.2054054054054053,0.0972972972972973,0.0,28.405405405405407,47.85405405405405
288,0.4017857142857143,0.0,0.0,3.125,3.5267857142857144,0.0,0.0,0.0,0.0,0.0,21.089285714285715,0.0,0.0,0.0,0.0,0.22321428571428573,0.0,0.6607142857142857,2.5089285714285716,0.0,22.223214285714285,40.410714285714285
289,2.6838709677419357,0.0,0.0,0.0,0.0,0.0,0.0,0.0,0.0,0.04516129032258064,0.0,0.0,0.0,0.0,0.0,1.4838709677419355,0.0,2.0838709677419356,0.0,0.0,34.74193548387097,60.561290322580646
290,0.8717948717948718,0.0,0.0,1.8461538461538463,0.0,0.0,1.1282051282051282,0.0,0.0,0.0,0.0,0.0,0.0,0.0,1.0256410256410255,1.7692307692307692,1.1794871794871795,2.0,1.3333333333333333,0.0,42.92307692307692,77.56410256410257
291,0.5789473684210527,0.0,0.0,0.6842105263157895,0.0,0.0,0.0,0.0,0.0,0.0,0.0,0.0,0.0,0.0,0.05263157894736842,8.0,0.05263157894736842,1.631578947368421,0.7894736842105263,0.0,31.789473684210527,55.31578947368421
292,2.034090909090909,0.0,0.0,0.0,0.0,0.0,0.0,0.0,0.0,0.0,0.0,0.0,0.0,0.0,0.0,4.704545454545454,0.045454545454545456,8.318181818181818,0.19318181818181818,0.0,35.98863636363637,61.25
293,2.830769230769231,0.0,0.0,0.13846153846153847,0.0,0.0,0.0,0.0,0.0,0.0,0.0,0.0,0.0,0.0,0.0,15.338461538461539,0.0,8.523076923076923,1.1384615384615384,0.0,16.50769230769231,26.76923076923077
294,2.4133333333333336,0.0,0.0,3.6933333333333334,9.24,0.0,0.02666666666666667,0.0,0.0,0.0,12.36,0.0,0.0,0.0,0.0,0.84,0.0,2.4266666666666667,5.24,0.0,13.906666666666666,26.52
295,2.389830508474576,0.0,0.0,0.7796610169491526,0.4576271186440678,0.0,0.0,0.22033898305084745,0.0,0.0,0.0,0.0,0.0,0.0,0.0,2.440677966101695,0.0,4.101694915254237,0.0,0.0,9.423728813559322,15.559322033898304
296,4.571428571428571,0.0,0.0,3.25,2.4285714285714284,0.0,0.0,0.0,0.0,0.0,26.214285714285715,0.0,0.0,0.0,0.0,21.178571428571427,0.0,7.928571428571429,0.0,0.0,7.5,15.642857142857142
297,0.5875,0.0,0.0,0.0,0.0,0.0,0.1125,0.0,0.0,0.0,0.0,0.0,0.0,0.0,0.2,3.0875,0.2375,2.7625,0.1625,0.0,42.925,71.025
298,2.7184466019417477,0.0,0.0,0.0,0.0,0.0,0.0,0.0,0.0,0.0,0.0,0.0,0.0,0.0,0.0,3.0485436893203883,0.0,2.4271844660194173,0.0,0.0,47.94174757281554,83.25242718446601
299,2.8202247191011236,0.0,0.0,0.5730337078651685,0.0,0.0,0.0,0.38202247191011235,0.0,0.0,0.0,0.0,0.0,0.0,0.0,5.606741573033708,0.21348314606741572,5.674157303370786,2.3820224719101124,0.0,22.752808988764045,39.04494382022472
300,3.2325581395348837,0.0,0.0,0.0,0.0,0.0,0.0,0.0,0.0,0.3023255813953488,0.0,0.0,0.0,0.0,0.0,0.4186046511627907,0.0,0.0,0.0,0.0,12.162790697674419,21.023255813953487
301,4.219512195121951,0.0,0.0,0.0,0.0,0.0,0.0,0.0,0.0,0.0,0.0,0.0,0.0,0.0,0.0,1.829268292682927,0.0,0.5365853658536586,0.07317073170731707,0.0,12.975609756097562,20.5609756097561
302,0.9767441860465116,0.0,0.0,1.9069767441860466,0.0,0.0,0.0,2.3255813953488373,0.0,0.0,0.0,0.0,0.0,0.023255813953488372,0.0,9.627906976744185,0.6511627906976745,7.744186046511628,4.255813953488372,0.0,22.930232558139537,38.86046511627907
303,1.9565217391304348,0.0,0.0,0.0,0.0,0.0,0.0,0.0,0.0,0.0,4.032608695652174,0.0,0.0,0.09782608695652174,0.0,1.5,0.010869565217391304,0.7608695652173914,0.3695652173913043,0.0,33.29347826086956,57.380434782608695
304,1.9534883720930232,0.0,0.0,0.0,0.0,0.0,0.0,0.0,0.0,0.0,0.0,0.0,0.0,0.23255813953488372,0.0,2.13953488372093,0.0,1.6046511627906976,0.05813953488372093,0.0,36.98837209302326,62.22093023255814
305,1.4666666666666666,0.0,0.0,0.0,0.0,0.0,1.8333333333333333,0.0,0.0,0.0,0.0,0.0,0.0,0.0,3.1,6.333333333333333,3.1333333333333333,7.5,0.0,0.0,53.63333333333333,93.93333333333334
306,2.898550724637681,0.0,0.0,0.2318840579710145,0.0,0.0,0.17391304347826086,0.0,0.0,0.0,0.0,0.0,0.0,0.2753623188405797,0.0,1.6521739130434783,0.11594202898550725,4.3768115942028984,0.07246376811594203,0.0,18.492753623188406,34.18840579710145
307,2.376068376068376,0.0,0.0,0.017094017094017096,0.02564102564102564,0.0,0.02564102564102564,0.008547008547008548,0.0,0.0,0.0,0.0,0.0,0.0,0.0,1.1794871794871795,0.10256410256410256,0.8034188034188035,0.02564102564102564,0.0,31.427350427350426,51.65811965811966
308,1.1666666666666667,0.0,0.0,0.0,0.0,0.0,0.0,0.0,0.0,0.0,0.0,0.0,0.0,0.0,0.0,1.8333333333333333,0.0,4.0,0.0,0.0,9.166666666666666,14.833333333333334
309,2.0463917525773194,0.0,0.0,0.0,0.0,0.0,0.0,0.0,0.0,0.0,0.0,0.0,0.0,0.0,0.0,8.396907216494846,0.0,4.015463917525773,0.0,0.0,28.84020618556701,50.134020618556704
310,1.0561797752808988,0.0,0.0,0.0,0.0,0.0,0.0,0.0,0.0,0.0,0.0,0.0,0.0,0.5280898876404494,0.0,1.5617977528089888,0.0,0.8089887640449438,0.3146067415730337,0.0,43.19101123595506,74.49438202247191
311,1.6111111111111112,0.0,0.0,0.0,0.0,0.0,0.0,0.0,0.0,0.0,4.703703703703703,0.0,0.0,0.018518518518518517,0.0,1.0925925925925926,0.0,2.240740740740741,0.0,0.0,27.185185185185187,49.7037037037037
312,3.851063829787234,0.0,0.0,0.1702127659574468,0.0,0.0,0.0,0.0,0.0,0.02127659574468085,0.0,0.0,0.0,0.0,0.0,4.340425531914893,0.0,5.617021276595745,0.0,0.0,11.574468085106384,19.19148936170213
313,1.5,0.0,0.0,0.71875,0.0,0.0,2.0520833333333335,1.875,0.0,0.0,0.0,0.0,0.0,0.8125,0.0,3.9479166666666665,1.3541666666666667,2.5416666666666665,1.1666666666666667,0.0,44.697916666666664,76.21875
314,1.3820224719101124,0.0,0.0,0.0,0.0,0.0,0.2696629213483146,0.0,0.0,0.0,0.0,0.0,0.0,3.764044943820225,0.0,1.5168539325842696,0.0,5.764044943820225,0.550561797752809,0.0,39.08988764044944,65.50561797752809
315,2.142857142857143,0.0,0.0,0.0,0.0,0.0,0.0,0.0,0.0,0.0,0.0,0.0,0.0,10.090909090909092,0.0,1.896103896103896,0.0,10.0,2.4935064935064934,0.0,44.311688311688314,71.12987012987013
316,2.7045454545454546,0.0,0.0,0.03409090909090909,0.0,0.0,0.0,0.0,0.0,0.0,0.0,0.0,0.0,0.0,0.0,3.3068181818181817,0.06818181818181818,3.1136363636363638,0.0,0.0,31.056818181818183,52.27272727272727
317,3.96875,0.0,0.0,0.0,0.0,0.0,0.0,0.0,0.0,0.0,0.0,0.0,0.0,0.0,0.0,9.75,0.0,1.25,0.0,0.0,11.8125,24.65625
318,1.2127659574468086,0.0,0.0,0.0,0.0,0.0,0.0,0.0,0.0,0.0,0.0,0.0,0.0,0.0,0.0,3.74468085106383,0.0,0.723404255319149,0.0,0.0,26.93617021276596,52.12765957446808
319,0.3246753246753247,0.0,0.0,4.714285714285714,1.8051948051948052,0.0,0.36363636363636365,0.0,0.0,0.0,28.792207792207794,0.0,0.0,0.0,0.0,0.6753246753246753,0.0,0.3246753246753247,0.0,0.0,30.38961038961039,55.27272727272727
320,2.526315789473684,0.0,0.0,0.0,0.0,0.0,0.0,0.0,0.0,0.0,0.0,0.0,0.0,0.0,0.0,1.7894736842105263,0.0,7.578947368421052,0.3157894736842105,0.0,12.31578947368421,21.57894736842105
321,2.108695652173913,0.0,0.0,0.03260869565217391,0.0,0.0,0.021739130434782608,0.06521739130434782,0.0,0.0,0.0,0.0,0.0,0.4673913043478261,0.0,2.282608695652174,0.0,6.804347826086956,0.16304347826086957,0.0,41.28260869565217,68.6195652173913
322,0.16129032258064516,0.0,0.0,1.064516129032258,0.0,0.0,0.0,0.25806451612903225,0.0,0.0,6.580645161290323,0.0,0.0,1.5483870967741935,0.0,9.129032258064516,0.04838709677419355,9.903225806451612,0.04838709677419355,0.0,25.951612903225808,49.0
323,1.6896551724137931,0.0,0.0,0.12643678160919541,0.26436781609195403,0.0,0.0,0.04597701149425287,0.0,0.0,0.8045977011494253,0.0,0.0,0.6091954022988506,0.0,3.0,0.0,4.413793103448276,1.206896551724138,0.0,33.02298850574713,55.03448275862069
324,3.143646408839779,0.0,0.0,0.0,0.0,0.0,0.0,0.0,0.0,0.0,0.0,0.0,0.0,0.0,0.0,0.861878453038674,0.03314917127071823,0.0055248618784530384,0.0,0.0,23.69060773480663,42.530386740331494
325,1.018181818181818,0.0,0.0,3.9545454545454546,4.5181818181818185,0.0,0.0,0.2545454545454545,0.0,0.0,11.954545454545455,0.0,0.0,0.15454545454545454,0.0,3.036363636363636,0.05454545454545454,5.972727272727273,8.427272727272728,0.0,20.527272727272727,35.46363636363636
326,2.973333333333333,0.0,0.0,2.1866666666666665,0.0,0.0,0.13333333333333333,0.0,0.0,0.0,0.0,0.0,0.0,0.41333333333333333,0.0,2.2133333333333334,0.013333333333333334,10.0,1.8266666666666667,0.0,19.093333333333334,32.53333333333333
327,0.0,0.0,0.0,5.85,0.45,0.0,0.25,0.0,0.0,0.0,9.3,0.0,0.0,2.05,0.0,2.0,0.0,3.55,0.0,0.0,20.5,37.85
328,1.2,0.0,0.0,0.0,0.0,0.0,0.0,0.0,0.0,0.0,0.0,0.0,0.0,0.0,0.0,3.1846153846153844,0.0,6.1692307692307695,0.15384615384615385,0.0,12.215384615384615,19.953846153846154
329,3.475177304964539,0.0,0.0,0.0,0.0,0.0,0.0,0.0,0.0,0.0,0.0,0.0,0.0,0.0,0.0,3.8368794326241136,0.0,2.6666666666666665,0.0,0.0,21.340425531914892,36.51063829787234
330,0.5,0.0,0.0,0.0,0.0,0.0,0.525,0.0,0.0,0.0,0.0,0.0,0.0,13.275,1.55,2.0,0.775,12.55,2.3,0.0,37.525,68.975
331,2.6363636363636362,0.0,0.0,2.878787878787879,0.0,0.0,0.0,0.0,0.0,0.0,0.0,0.0,0.0,0.030303030303030304,0.0,3.0606060606060606,0.0,3.3636363636363638,3.3333333333333335,0.0,12.242424242424242,22.12121212121212
332,0.7931034482758621,0.0,0.0,1.1724137931034482,0.5172413793103449,0.0,0.0,0.0,0.0,0.0,0.0,0.0,0.0,2.103448275862069,0.0,6.482758620689655,0.0,7.931034482758621,1.0,0.0,16.310344827586206,28.448275862068964
333,2.2710280373831777,0.0,0.0,0.1308411214953271,0.0,0.0,0.0,0.0,0.0,0.0,0.0,0.0,0.0,0.0,0.0,2.7757009345794392,0.0,2.4953271028037385,0.0,0.0,22.065420560747665,36.271028037383175
334,0.3707865168539326,0.0,0.0,0.25842696629213485,0.0,0.0,0.0,0.4044943820224719,0.0,0.0,0.0,0.0,0.0,0.0,0.033707865168539325,1.7078651685393258,0.0,1.2584269662921348,0.0,0.0,48.20224719101124,79.52808988764045
335,2.041095890410959,0.0,0.0,0.0,0.0,0.0,0.0,0.0,0.0,0.0,0.0,0.0,0.0,0.0,0.0,6.904109589041096,0.0,4.904109589041096,0.0,0.0,14.246575342465754,24.506849315068493
336,1.7272727272727273,0.0,0.0,0.29545454545454547,0.0,0.0,2.8863636363636362,0.0,0.0,0.0,0.0,0.0,0.0,1.5,1.6590909090909092,1.3636363636363635,0.75,11.068181818181818,3.477272727272727,0.0,29.318181818181817,51.86363636363637
337,0.0,0.0,0.0,3.0,0.0,0.0,0.0,0.3870967741935484,0.0,0.0,0.0,0.0,0.0,0.0,0.12903225806451613,3.193548387096774,0.0,0.8709677419354839,0.0,0.0,33.516129032258064,66.29032258064517
338,1.9523809523809523,0.0,0.0,1.6984126984126984,0.0,0.0,0.8571428571428571,0.0,0.0,0.0,0.0,0.0,0.0,15.666666666666666,0.873015873015873,2.3015873015873014,0.19047619047619047,6.095238095238095,2.2857142857142856,0.0,48.38095238095238,78.0952380952381
339,0.75,0.0,0.0,0.0,0.0,0.0,0.0,0.0,0.0,0.0,0.0,0.0,0.0,0.0,0.0,0.546875,0.0,0.1875,0.0,0.0,41.234375,72.734375
340,2.173076923076923,0.0,0.17307692307692307,0.28846153846153844,0.0,0.0,0.4230769230769231,0.0,0.0,0.0,0.0,0.0,0.0,8.01923076923077,0.40384615384615385,3.1923076923076925,0.23076923076923078,12.153846153846153,2.6538461538461537,0.0,35.01923076923077,60.42307692307692
341,1.7012987012987013,0.0,0.0,2.4285714285714284,0.0,0.5324675324675324,2.7532467532467533,0.8441558441558441,0.0,0.0,0.0,0.0,0.0,2.5714285714285716,1.5194805194805194,3.8051948051948052,0.948051948051948,4.675324675324675,4.766233766233766,0.0,41.96103896103896,68.87012987012987
342,3.227272727272727,0.0,0.0,0.0,0.0,0.0,0.0,0.0,0.0,0.0,0.0,0.0,0.0,0.0,0.0,3.6818181818181817,0.0,7.0,0.0,0.0,18.0,33.0
343,0.0,0.0,0.0,0.10344827586206896,0.0,0.0,0.0,0.0,0.0,0.0,0.0,0.0,0.0,1.0689655172413792,0.034482758620689655,2.3448275862068964,0.15517241379310345,5.120689655172414,0.8448275862068966,0.0,48.10344827586207,85.29310344827586
344,1.3888888888888888,0.0,0.0,0.2111111111111111,0.0,0.0,0.0,0.0,0.0,0.0,0.0,0.0,0.0,1.3,0.0,1.7333333333333334,0.0,3.488888888888889,0.1111111111111111,0.0,44.15555555555556,73.96666666666667
345,0.8461538461538461,0.0,0.0,2.230769230769231,0.0,0.5384615384615384,2.076923076923077,0.6346153846153846,0.0,0.0,0.0,0.0,0.0,10.884615384615385,0.7115384615384616,3.0,1.9615384615384615,2.6538461538461537,9.115384615384615,0.0,26.307692307692307,45.98076923076923
346,0.8275862068965517,0.0,0.0,1.7241379310344827,0.0,0.0,0.13793103448275862,1.2413793103448276,0.0,0.0,0.0,0.0,0.0,0.13793103448275862,0.0,6.068965517241379,0.10344827586206896,1.6896551724137931,2.5172413793103448,0.0,14.724137931034482,25.862068965517242
347,3.111111111111111,0.0,0.0,0.16666666666666666,0.0,0.0,0.0,0.0,0.0,0.0,0.0,0.0,0.0,0.0,0.0,4.444444444444445,0.0,6.666666666666667,0.0,0.0,11.833333333333334,21.444444444444443
348,0.8169014084507042,0.0,0.0,0.14084507042253522,0.0,0.0,0.0,0.0,0.0,0.0,0.0,0.0,0.0,0.0,0.0,5.408450704225352,0.0,8.126760563380282,0.0,0.0,18.04225352112676,31.507042253521128
349,2.814814814814815,0.0,0.0,0.024691358024691357,0.0,0.0,0.0,0.0,0.0,0.0,0.0,0.0,0.0,0.0,0.0,2.7777777777777777,0.0,1.8271604938271604,0.0,0.0,30.765432098765434,54.23456790123457
350,1.1639344262295082,0.0,0.0,0.0,0.0,0.0,0.01639344262295082,0.0,0.0,0.0,0.0,0.0,0.0,6.622950819672131,0.06557377049180328,1.3770491803278688,0.01639344262295082,9.180327868852459,1.0327868852459017,0.0,48.868852459016395,84.14754098360656
351,1.7530864197530864,0.0,0.0,0.0,0.0,0.0,0.0,0.0,0.0,0.0,0.654320987654321,0.0,0.0,0.14814814814814814,0.0,2.1728395061728394,0.0,4.382716049382716,0.6419753086419753,0.0,29.617283950617285,51.2962962962963
352,0.03225806451612903,0.0,0.0,2.064516129032258,0.0,0.0,0.0,1.2903225806451613,0.0,0.0,0.0,0.0,0.0,0.0,0.0,2.661290322580645,0.0,2.370967741935484,0.0,0.0,44.37096774193548,80.40322580645162
353,1.3470588235294119,0.0,0.0,0.0,0.0,0.0,0.0,0.0,0.0,0.0,0.0,0.0,0.0,0.0,0.0,2.6470588235294117,0.0,2.847058823529412,0.0,0.0,22.605882352941176,38.082352941176474
354,3.5454545454545454,0.0,0.0,0.0,0.0,0.0,0.0,0.0,0.0,0.0,0.0,0.0,0.0,0.0,0.0,1.4,0.0,1.2,0.0,0.0,19.0,32.14545454545455
355,0.5,0.0,0.0,0.025,0.0,0.0,0.0,0.0,0.0,0.0,0.0,0.0,0.0,2.5,0.0,1.1,0.0,2.725,0.0,0.0,44.75,73.075
356,2.5517241379310347,0.0,0.0,0.0,0.0,0.0,0.0,0.0,0.0,0.0,0.0,0.0,0.0,0.5862068965517241,0.0,1.9482758620689655,0.0,2.6724137931034484,0.034482758620689655,0.0,21.948275862068964,37.62068965517241
357,2.2857142857142856,0.0,0.0,1.4285714285714286,0.0,0.0,0.9642857142857143,0.0,0.0,0.0,0.0,0.0,0.0,4.321428571428571,5.785714285714286,3.4285714285714284,2.5,5.142857142857143,12.142857142857142,12.607142857142858,17.357142857142858,33.285714285714285
358,0.9534883720930233,0.0,0.0,2.7209302325581395,0.0,0.0,0.0,2.9302325581395348,0.0,0.0,0.0,0.0,0.0,0.627906976744186,0.0,2.744186046511628,0.0,1.0,0.0,0.0,44.627906976744185,78.46511627906976
359,1.9595959595959596,0.0,0.0,0.16161616161616163,0.0,0.0,0.2727272727272727,0.0,0.0,0.0,0.0,0.0,0.0,0.6565656565656566,0.5454545454545454,1.9191919191919191,0.18181818181818182,4.444444444444445,0.6464646464646465,0.06060606060606061,31.050505050505052,54.21212121212121
360,2.1139240506329116,0.0,0.0,0.0,0.0,0.0,0.0,0.0,0.0,0.0,0.0,0.0,0.0,0.0379746835443038,0.08860759493670886,0.759493670886076,0.16455696202531644,0.0,0.11392405063291139,0.0,33.075949367088604,55.51898734177215
361,2.6153846153846154,0.0,0.0,1.2307692307692308,0.0,0.0,0.0,0.0,0.0,0.0,0.0,0.0,0.0,0.0,0.0,21.0,0.0,10.307692307692308,0.0,0.0,9.307692307692308,15.0
362,0.1724137931034483,0.0,0.0,0.0,0.0,0.0,0.0,0.0,0.0,0.0,0.0,0.0,0.0,5.689655172413793,0.0,1.1724137931034482,0.0,7.103448275862069,0.0,0.0,46.8448275862069,79.1896551724138
363,2.2837837837837838,0.0,0.0,0.05405405405405406,0.0,0.0,0.0,0.0,0.0,0.0,0.0,0.0,0.0,1.9864864864864864,0.0,1.6486486486486487,0.0,5.554054054054054,0.0,0.0,14.567567567567568,25.93243243243243
364,1.1473684210526316,0.0,0.0,0.42105263157894735,0.0,0.0,0.0,0.0,0.0,0.0,0.0,0.0,0.0,0.0,0.0,3.4842105263157896,0.0,3.0210526315789474,0.0,0.0,31.673684210526314,53.757894736842104
365,1.8625,0.0,0.0,0.0,0.0,0.0,0.375,0.0,0.0,0.0625,0.0,0.0,0.0,1.8125,1.375,1.475,0.525,3.2875,0.0,0.425,48.4625,78.8125
366,0.4166666666666667,0.0,0.0,0.0,0.0,0.0,0.0,0.0,0.0,0.0,0.0,0.0,0.0,0.0,0.0,0.8333333333333334,0.0,0.0,0.0,0.0,23.666666666666668,37.75
367,0.07894736842105263,0.0,0.0,0.15789473684210525,0.0,0.0,0.0,0.0,0.0,0.0,0.0,0.0,0.0,0.05263157894736842,0.0,0.9210526315789473,0.0,0.0,0.0,0.0,18.86842105263158,35.473684210526315
368,1.5263157894736843,0.0,0.0,0.0,0.0,0.0,0.02631578947368421,0.0,0.0,0.0,0.0,0.0,0.0,0.05263157894736842,1.0789473684210527,0.5526315789473685,0.39473684210526316,0.47368421052631576,0.0,0.0,43.8421052631579,77.76315789473684
369,0.8256880733944955,0.0,0.0,0.0,0.0,0.0,0.0,0.0,0.0,0.0,0.0,0.0,0.0,0.0,0.0,0.9724770642201835,0.0,0.1743119266055046,0.0,0.0,39.34862385321101,67.92660550458716
370,0.0,0.0,0.0,0.0,0.0,0.0,0.0,0.0,0.0,0.0,0.0,0.0,0.0,0.0,0.0,2.2125,0.0,1.925,0.0,0.0,38.45,65.25
371,1.5909090909090908,0.0,0.0,2.1454545454545455,0.0,0.0,0.0,0.45454545454545453,0.0,0.0,0.0,0.0,0.0,0.0,0.0,4.454545454545454,0.0,7.972727272727273,0.0,0.0,19.89090909090909,33.68181818181818
372,2.1066666666666665,0.0,0.0,0.0,0.0,0.0,0.0,0.0,0.0,0.0,0.0,0.0,0.0,0.0,0.0,1.52,0.0,0.05333333333333334,0.0,0.0,33.44,55.17333333333333
373,0.2916666666666667,0.0,0.0,0.0,0.0,0.0,1.0,0.5,0.0,0.0,0.0,0.0,0.0,0.16666666666666666,4.208333333333333,3.5,1.2708333333333333,8.375,1.75,0.0,49.0,85.08333333333333
374,2.0697674418604652,0.0,0.0,0.0,0.0,0.0,0.0,0.0,0.0,0.0,0.0,0.0,0.0,0.0,0.0,0.9883720930232558,0.0,0.16279069767441862,0.0,0.0,30.348837209302324,53.383720930232556
375,0.8414634146341463,0.0,0.0,0.012195121951219513,0.0,0.0,0.0,0.0,0.0,0.0,0.0,0.0,0.0,0.0,0.0,1.8658536585365855,0.0,2.658536585365854,0.0,0.0,38.28048780487805,67.60975609756098
376,3.75,0.0,0.0,1.5,0.0,0.0,0.5625,2.5,0.0,0.0,0.0,0.0,0.0,0.0,0.0,6.375,0.0,2.875,2.625,0.0,16.25,28.3125
377,0.1,0.0,0.0,0.0,0.0,0.0,1.1,0.0,0.0,0.2,0.0,0.0,0.0,0.6,4.0,9.9,0.8,9.85,0.0,1.15,25.75,37.9
378,0.0,0.0,0.0,0.0,0.0,0.0,0.0,0.0,0.0,0.0,8.794117647058824,0.0,0.0,0.0,0.0,4.235294117647059,0.0,1.9411764705882353,0.0,0.0,42.705882352941174,72.91176470588235
379,0.9947368421052631,0.0,0.0,0.02631578947368421,0.0,0.0,0.0,0.021052631578947368,0.0,0.0,0.0,0.0,0.0,0.005263157894736842,0.0,2.8473684210526318,0.010526315789473684,2.231578947368421,0.0,0.0,25.789473684210527,43.305263157894736
380,0.2962962962962963,0.0,0.0,2.074074074074074,0.0,0.0,0.0,0.5,0.0,0.0,0.0,0.0,0.0,0.0,0.0,5.148148148148148,0.0,5.462962962962963,0.0,0.0,28.09259259259259,49.22222222222222
381,0.7126436781609196,0.0,0.0,0.0,0.0,0.0,0.0,0.0,0.0,0.0,0.0,0.0,0.0,2.2758620689655173,0.0,4.149425287356322,0.0,4.804597701149425,0.0,0.0,32.44827586206897,53.793103448275865
382,4.679012345679013,0.0,0.12345679012345678,0.1728395061728395,0.0,0.0,0.0,0.0,0.0,0.0,0.0,0.0,0.0,0.024691358024691357,0.0,2.7160493827160495,0.0,1.4444444444444444,0.0,0.0,33.160493827160494,56.65432098765432
383,1.6329113924050633,0.0,0.0,0.16455696202531644,0.0,0.0,0.1518987341772152,0.0,0.0,0.0,0.0,0.0,0.0,11.354430379746836,0.26582278481012656,4.949367088607595,0.0,3.037974683544304,0.0,0.0,48.063291139240505,81.81012658227849
384,0.9166666666666666,0.0,0.0,0.0,0.0,0.0,0.0,0.0,0.0,0.0,0.0,0.0,0.0,0.0,0.0,2.5833333333333335,0.0,2.5,0.0,0.0,18.25,27.75
385,3.7,0.0,0.0,0.0,0.0,0.0,0.0,0.0,0.0,0.0,0.0,0.0,0.0,0.0,0.0,2.2,0.0,0.0,0.0,0.0,25.15,42.5
386,0.6891891891891891,0.0,0.0,0.4864864864864865,0.0,0.0,0.0,0.02702702702702703,0.0,0.0,0.0,0.0,0.0,0.0,0.0,2.6216216216216215,0.0,3.581081081081081,0.0,0.0,26.2027027027027,45.810810810810814
387,3.392857142857143,0.0,0.0,0.0,0.0,0.0,0.0,0.0,0.0,0.0,0.0,0.0,0.0,0.0,0.0,1.5476190476190477,0.0,0.2976190476190476,0.0,0.0,31.083333333333332,51.107142857142854
388,0.0,0.0,0.0,6.257575757575758,0.0,0.0,0.0,0.0,0.0,0.0,10.196969696969697,0.0,0.0,0.0,0.0,0.8636363636363636,0.0,2.4393939393939394,0.0,0.0,22.37878787878788,40.303030303030305
389,0.0,0.0,0.0,1.2,0.0,0.0,0.0,0.0,0.0,0.0,0.0,0.0,0.0,0.0,0.0,6.166666666666667,0.0,16.933333333333334,0.0,0.0,11.35,18.433333333333334
390,0.046875,0.0,0.0,0.0,0.0,0.0,0.0,0.015625,0.0,0.0,0.0,0.0,0.0,0.0,0.0,1.171875,0.0,1.171875,0.0,0.0,21.46875,37.171875
391,7.803030303030303,0.0,0.0,3.4696969696969697,2.1363636363636362,0.0,0.8484848484848485,1.4090909090909092,0.0,0.0,0.0,0.0,0.0,2.9393939393939394,2.242424242424242,12.0,1.4848484848484849,6.378787878787879,1.121212121212121,0.0,23.939393939393938,42.015151515151516
392,0.3888888888888889,0.0,0.0,0.75,0.0,0.0,0.0,0.0,0.0,0.0,1.2222222222222223,0.0,0.0,0.1388888888888889,0.0,3.1666666666666665,0.0,2.3333333333333335,0.0,0.0,31.555555555555557,53.27777777777778
393,2.7074468085106385,0.0,0.0,0.0,0.0,0.0,0.0,0.0,0.0,0.06914893617021277,0.0,0.0,0.0,0.0,0.0,2.3085106382978724,0.0,0.9095744680851063,0.0,0.0,38.569148936170215,65.42553191489361
394,3.061946902654867,0.0,0.0,0.0,0.0,0.0,0.0,0.0,0.0,0.13274336283185842,0.0,0.0,0.0,0.0,0.0,1.0707964601769913,0.0,0.46017699115044247,0.0,0.0,23.92920353982301,39.83185840707964
395,8.064516129032258,0.0,0.0967741935483871,0.0,0.0,0.0,0.14516129032258066,0.0,0.0,0.0967741935483871,0.0,0.0,0.0,0.0,0.0,2.370967741935484,0.08064516129032258,0.0,0.0,0.0,19.870967741935484,36.37096774193548
396,2.3076923076923075,0.0,0.0,0.24175824175824176,0.0,0.0,0.0,0.4725274725274725,0.0,0.0,0.0,0.0,0.0,0.0,0.0,4.329670329670329,0.0,6.351648351648351,0.0,0.0,24.197802197802197,41.065934065934066
397,0.0,0.0,0.0,0.0,0.0,0.0,0.0,0.0,0.0,0.0,0.0,0.0,0.0,0.0,0.0,2.2588235294117647,0.0,1.9411764705882353,0.0,0.0,13.552941176470588,22.988235294117647
398,20.70967741935484,0.45161290322580644,0.7096774193548387,0.3548387096774194,0.0,0.0,0.0,0.0,0.0,0.9032258064516129,0.0,0.0,0.0,0.0,0.0,2.0,0.0,0.7096774193548387,0.0,0.0,14.516129032258064,23.516129032258064
399,0.0,0.0,0.0,0.0,0.0,0.0,0.0,0.0,0.0,0.0,0.0,0.0,0.0,0.0,0.0,1.5434782608695652,0.0,0.0,0.0,0.0,25.195652173913043,44.28260869565217
400,1.6696428571428572,0.0,0.0,0.017857142857142856,0.0,0.0,0.0,0.0,0.0,0.0,0.0,0.0,0.0,0.0,0.0,2.4285714285714284,0.0,0.4017857142857143,0.0,0.0,20.017857142857142,32.19642857142857
401,0.5526315789473685,0.0,0.0,0.0,0.0,0.0,0.0,0.0,0.0,0.0,0.0,0.0,0.0,0.0,0.0,9.394736842105264,0.0,14.210526315789474,0.0,0.0,13.368421052631579,23.36842105263158
402,4.609756097560975,0.0,0.0,0.0,0.0,0.0,0.0,0.0,0.0,0.3170731707317073,0.0,0.0,0.0,0.0,0.0,7.926829268292683,0.0,0.24390243902439024,0.0,0.0,20.48780487804878,33.97560975609756
403,4.513513513513513,0.0,0.08108108108108109,0.0,0.0,0.0,0.0,0.0,0.0,0.10810810810810811,0.0,0.0,0.0,0.0,0.0,1.5675675675675675,0.0,0.0,0.0,0.0,29.864864864864863,50.24324324324324
404,1.6867469879518073,0.0,0.0,0.0,0.0,0.0,0.0,1.5060240963855422,0.0,0.0,0.0,0.0,0.0,0.0,0.0,4.072289156626506,0.0,3.0843373493975905,2.3493975903614457,0.0,33.795180722891565,54.86746987951807
405,1.9384615384615385,0.0,0.0,0.03076923076923077,0.0,0.0,0.0,0.0,0.0,0.0,0.0,0.0,0.0,5.707692307692308,0.0,3.9846153846153847,0.0,5.9,0.0,0.0,47.6,82.42307692307692
406,0.4019607843137255,0.0,0.0,1.8333333333333333,0.0,0.0,0.0,0.38235294117647056,0.0,0.0,8.794117647058824,0.0,0.0,0.0,0.0,4.264705882352941,0.0,4.607843137254902,0.0,0.0,21.96078431372549,38.23529411764706
407,0.7452830188679245,0.0,0.0,0.02830188679245283,0.0,0.0,0.0,0.0,0.0,0.0,0.0,0.0,0.0,0.0,0.0,5.056603773584905,0.0,7.60377358490566,0.0,0.0,14.40566037735849,25.22641509433962
408,3.5580110497237567,0.0,0.0,0.0,0.0,0.0,0.0,0.0,0.0,0.16574585635359115,0.0,0.0,0.0,0.0,0.0,2.2154696132596685,0.0,3.2099447513812156,0.0,0.0,21.16022099447514,35.48618784530387
409,3.625,0.0,0.0,4.416666666666667,0.0,0.0,0.0,0.0,0.0,0.0,0.0,0.0,0.0,0.0,0.0,2.4583333333333335,0.0,0.0,0.0,0.0,60.875,102.04166666666667
410,1.8333333333333333,0.0,0.0,4.083333333333333,4.833333333333333,0.0,0.0,0.0,0.0,0.0,10.11111111111111,0.0,0.0,0.0,0.0,0.4444444444444444,0.0,0.0,1.5,0.0,10.083333333333334,20.583333333333332
411,1.1333333333333333,0.0,0.0,1.0,0.0,0.0,0.0,0.0,0.0,0.0,0.0,0.0,0.0,0.0,0.0,3.8666666666666667,0.0,10.466666666666667,0.0,0.0,23.4,40.666666666666664
412,4.909090909090909,0.0,0.0,2.0,0.0,0.0,0.0,0.0,0.0,0.0,0.0,0.0,0.0,0.0,0.0,2.0,0.0,0.0,0.0,0.0,8.727272727272727,12.909090909090908
413,1.0555555555555556,0.0,0.0,2.4444444444444446,0.0,0.0,0.0,0.0,0.0,0.0,0.0,0.0,0.0,0.0,0.0,5.0,0.0,2.1666666666666665,0.0,0.0,10.833333333333334,19.444444444444443
414,13.25,0.0,0.36666666666666664,3.5166666666666666,1.45,0.0,0.0,1.45,0.0,0.0,0.0,0.0,0.0,0.0,0.0,5.8,0.0,5.083333333333333,1.5833333333333333,0.0,20.533333333333335,34.3
415,0.8526315789473684,0.0,0.0,0.0,0.0,0.0,0.0,0.06315789473684211,0.0,0.0,0.0,0.0,0.0,0.0,0.0,0.8105263157894737,0.0,0.28421052631578947,0.0,0.0,38.50526315789474,66.85263157894737
416,0.6037735849056604,0.0,0.0,0.0,0.0,0.0,0.0,0.0,0.0,0.0,0.0,0.0,0.0,0.0,0.0,1.0754716981132075,0.018867924528301886,0.0,0.0,0.0,34.83018867924528,57.20754716981132
417,1.5,0.0,0.0,3.611111111111111,1.0277777777777777,0.0,0.0,0.0,0.0,0.0,10.944444444444445,0.0,0.0,0.0,0.0,1.5,0.0,0.19444444444444445,1.5,0.0,9.694444444444445,18.88888888888889
418,1.1162790697674418,0.0,0.0,0.007751937984496124,0.0,0.0,0.0,0.5116279069767442,0.0,0.0,0.0,0.0,0.0,0.0,0.3643410852713178,4.333333333333333,0.21705426356589147,0.4883720930232558,0.0,0.0,24.031007751937985,42.02325581395349
419,0.0,0.0,0.0,0.0,0.0,0.0,0.0,0.08333333333333333,0.0,0.0,0.0,0.0,0.0,0.0,0.0,3.3541666666666665,0.0,5.5,0.0,0.0,12.520833333333334,20.416666666666668
420,3.9,0.0,0.0,0.0,0.0,0.0,0.0,0.0,0.0,0.0,0.0,0.0,0.0,0.0,0.0,1.7666666666666666,0.0,0.43333333333333335,0.0,0.0,12.6,23.333333333333332
421,2.4577464788732395,0.0,0.0,0.0,0.0,0.0,0.0,0.0,0.0,0.0,0.0,0.0,0.0,0.0,0.0,8.661971830985916,0.0,2.5140845070422535,0.0,0.0,10.450704225352112,17.422535211267604
422,1.814516129032258,0.0,0.0,0.0,0.0,0.0,0.0,0.0,0.0,0.0,0.0,0.0,0.0,0.0,0.0,4.07258064516129,0.04838709677419355,0.6370967741935484,0.0,0.0,31.637096774193548,53.145161290322584
423,1.7583333333333333,0.0,0.0,2.7416666666666667,0.5333333333333333,0.0,0.0,0.0,0.0,0.0,1.4416666666666667,0.0,0.0,0.0,0.0,3.691666666666667,0.0,0.49166666666666664,0.9833333333333333,0.0,18.483333333333334,33.94166666666667
424,1.096774193548387,0.0,0.0,0.0,0.0,0.0,0.0,0.0,0.0,0.0,0.0,0.0,0.0,0.0,0.0,5.258064516129032,0.0,1.7096774193548387,0.0,0.0,5.419354838709677,8.0
425,3.4545454545454546,0.0,0.0,2.4,0.0,0.0,0.0,0.8181818181818182,0.0,0.03636363636363636,0.0,0.0,0.0,0.0,0.0,3.272727272727273,1.1636363636363636,2.618181818181818,1.6545454545454545,0.0,45.67272727272727,78.32727272727273
426,1.75,0.0,0.0,0.0,0.0,0.0,0.0,0.0,0.0,0.0,0.0,0.0,0.0,0.0,0.0,4.95,0.0,4.025,0.0,0.0,6.825,13.375
427,4.0606060606060606,0.0,0.0,2.8181818181818183,0.0,0.0,0.0,0.9696969696969697,0.0,0.030303030303030304,0.0,0.0,0.0,0.0,0.0,2.606060606060606,0.15151515151515152,1.9393939393939394,2.409090909090909,0.0,33.09090909090909,56.46969696969697
428,1.1091954022988506,0.0,0.0,0.06896551724137931,0.0,0.0,0.0,0.028735632183908046,0.0,0.0,0.0,0.0,0.0,0.0,0.0,2.0,0.034482758620689655,3.0919540229885056,0.017241379310344827,0.0,36.270114942528735,61.64367816091954
429,6.2105263157894735,0.0,0.0,0.0,0.0,0.0,0.0,0.0,0.0,0.2631578947368421,0.0,0.0,0.0,0.0,0.0,1.4210526315789473,0.0,0.0,0.0,0.0,19.789473684210527,31.736842105263158
430,2.2214285714285715,0.0,0.0,0.014285714285714285,0.0,0.0,0.0,0.17142857142857143,0.0,0.0,0.0,0.0,0.0,0.0,0.44285714285714284,4.9071428571428575,0.0,1.25,0.0,0.0,26.714285714285715,45.17857142857143
431,5.161290322580645,0.0,0.0,0.0,0.0,0.0,0.0,0.0,0.0,0.0,0.0,0.0,0.0,0.0,0.06451612903225806,3.161290322580645,0.0,0.0,0.0,0.0,14.32258064516129,25.677419354838708
432,2.2432432432432434,0.0,0.0,0.12162162162162163,0.0,0.0,0.0,0.0,0.0,0.006756756756756757,0.0,0.0,0.0,0.0,0.0,1.777027027027027,0.0,0.24324324324324326,0.0,0.0,40.0472972972973,67.23648648648648
433,1.8454106280193237,0.00966183574879227,0.0,0.0,0.0,0.0,0.0,0.13043478260869565,0.0,0.043478260869565216,0.0,0.0,0.0,0.0,0.178743961352657,2.9371980676328504,0.0966183574879227,2.3333333333333335,0.0,0.0,25.07729468599034,43.32367149758454
434,2.8529411764705883,0.0,0.0,4.735294117647059,0.0,0.0,0.0,0.17647058823529413,0.0,0.0,0.0,0.0,0.0,0.0,0.0,7.5588235294117645,0.029411764705882353,5.823529411764706,0.0,0.0,12.441176470588236,23.176470588235293
435,0.6666666666666666,0.0,0.0,0.0,0.0,0.0,0.0,0.6666666666666666,0.0,0.0,0.0,0.0,0.0,0.0,0.0,2.3333333333333335,0.0,0.7777777777777778,0.0,0.0,14.777777777777779,27.88888888888889
436,4.619047619047619,0.0,0.0,0.0,0.0,0.0,0.0,0.0,0.0,0.14285714285714285,0.0,0.0,0.0,0.0,0.0,3.0,0.0,1.0952380952380953,0.0,0.0,22.61904761904762,39.523809523809526
437,4.0,0.0,0.0,0.0,0.0,0.0,0.0,0.0,0.0,0.0,0.0,0.0,0.0,0.0,0.0,4.2,0.0,0.0,0.0,0.0,5.2,8.8
438,1.92,0.0,0.0,0.0,0.0,0.0,0.0,0.88,0.0,0.0,0.0,0.0,0.0,0.0,0.36,4.24,0.0,0.6,0.0,0.0,16.68,27.76
439,1.0526315789473684,0.0,0.0,0.0,0.0,0.0,0.0,0.3233082706766917,0.0,0.13533834586466165,0.0,0.0,0.0,0.0,0.0,3.293233082706767,0.0,3.8421052631578947,0.0,0.0,19.50375939849624,32.34586466165413
440,1.8,0.0,0.0,0.0,0.0,0.0,0.0,0.02857142857142857,0.0,0.0,0.0,0.0,0.0,0.0,1.3,4.6,0.0,5.885714285714286,0.0,0.0,30.442857142857143,52.2
441,1.8837209302325582,0.0,0.0,0.03875968992248062,0.0,0.0,0.0,0.06976744186046512,0.0,0.0,0.0,0.0,0.0,0.0,0.0,1.7209302325581395,0.0,1.565891472868217,0.0,0.0,30.387596899224807,53.06201550387597
442,1.4924242424242424,0.0,0.0,0.0,0.0,0.0,0.0,0.0,0.0,0.0,0.0,0.0,0.0,0.0,0.0,2.962121212121212,0.0,0.19696969696969696,0.0,0.0,11.219696969696969,19.772727272727273
443,0.0,0.0,0.0,7.4772727272727275,2.6704545454545454,0.0,0.0,0.0,0.0,0.0,7.125,0.0,0.0,0.0,0.0,1.3295454545454546,0.0,0.7954545454545454,0.0,0.0,20.71590909090909,37.39772727272727
444,3.1325301204819276,0.060240963855421686,0.07228915662650602,0.0,0.0,0.0,0.0,0.1144578313253012,0.0,0.1144578313253012,0.0,0.0,0.0,0.0,0.0963855421686747,2.2048192771084336,0.04819277108433735,1.5,0.0,0.0,42.096385542168676,71.10843373493977
445,0.6993464052287581,0.0,0.0,0.5098039215686274,0.0,0.0,0.0,0.0,0.0,0.0,0.24183006535947713,0.0,0.0,0.0,0.0,2.6209150326797386,0.0,1.2549019607843137,0.0,0.0,35.6078431372549,59.94117647058823
446,1.28125,0.0,0.0,0.0,0.0,0.0,0.0,0.0,0.0,0.0,0.0,0.0,0.0,0.0,0.0,3.90625,0.0,2.03125,0.0,0.0,10.03125,18.28125
447,5.464788732394366,0.18309859154929578,0.0,0.0,0.0,0.0,0.0,0.0,0.0,0.0,0.0,0.0,0.0,0.0,0.0,1.8028169014084507,0.0,1.4225352112676057,0.0,0.0,23.732394366197184,40.929577464788736
448,2.1226415094339623,0.0,0.0,0.660377358490566,0.0,0.0,0.0,0.0,0.0,0.0,0.0,0.0,0.0,0.0,0.0,1.3962264150943395,0.0,0.8773584905660378,0.0,0.0,26.245283018867923,41.905660377358494
449,2.564516129032258,0.0,0.0,2.7903225806451615,0.0,0.0,0.0,0.8870967741935484,0.0,0.0,0.0,0.0,0.0,0.0,1.967741935483871,4.064516129032258,0.967741935483871,3.064516129032258,0.0,0.0,50.75806451612903,87.33870967741936
450,1.1016949152542372,0.15254237288135594,0.0,0.0,0.0,0.0,0.0,0.23728813559322035,0.0,0.03389830508474576,0.0,0.0,0.0,0.0,0.6440677966101694,9.779661016949152,0.576271186440678,3.7288135593220337,0.0,0.0,15.016949152542374,25.593220338983052
451,2.380281690140845,0.0,0.0,0.0,0.0,0.0,0.0,0.0,0.0,0.0,0.0,0.0,0.0,0.0,0.0,3.859154929577465,0.0,2.1971830985915495,0.0,0.0,31.774647887323944,52.774647887323944
452,1.7209302325581395,0.0,0.0,0.0,0.0,0.0,0.0,0.0,0.0,0.0,0.0,0.0,0.0,0.0,0.0,10.953488372093023,0.0,0.7209302325581395,0.0,0.0,14.790697674418604,25.441860465116278
453,0.6779661016949152,0.0,0.0,0.0,0.0,0.0,0.0,0.0,0.0,0.0,0.0,0.0,0.0,0.0,0.0,7.372881355932203,0.3389830508474576,5.169491525423729,0.0,0.0,22.796610169491526,39.54237288135593
454,2.317073170731707,0.04065040650406504,0.0,0.2845528455284553,0.0,0.0,0.0,0.3008130081300813,0.0,0.10569105691056911,0.0,0.0,0.0,0.0,0.0,2.9430894308943087,0.0,1.7967479674796747,0.0,0.0,34.333333333333336,57.19512195121951
455,3.5357142857142856,0.0,0.0,0.0,0.0,0.0,0.0,0.0,0.0,0.0,0.0,0.0,0.0,0.0,0.0,1.5178571428571428,0.0,0.14285714285714285,0.0,0.0,15.607142857142858,26.839285714285715
456,2.4444444444444446,0.15555555555555556,0.037037037037037035,0.0,0.0,0.0,0.0,0.0,0.0,0.037037037037037035,0.0,0.0,0.0,0.0,0.0,2.0444444444444443,0.0,1.9407407407407407,0.0,0.0,35.57037037037037,60.54814814814815
457,3.2941176470588234,0.0,0.0,0.0,0.0,0.0,0.0,0.0,0.0,0.0,0.0,0.0,0.0,0.0,0.0,0.35294117647058826,0.0,0.0,0.0,0.0,16.058823529411764,24.823529411764707
458,2.943396226415094,0.0,0.0,0.0,0.0,0.0,0.0,0.0,0.0,0.0,0.0,0.0,0.0,0.0,0.0,1.528301886792453,0.0,0.6037735849056604,0.0,0.0,19.660377358490567,36.264150943396224
459,2.9655172413793105,0.0,0.0,0.0,0.0,0.0,0.0,0.0,0.0,0.0,0.0,0.0,0.0,0.0,0.0,5.0344827586206895,0.0,1.4482758620689655,0.0,0.0,23.06896551724138,36.275862068965516
460,0.0,0.0,0.0,0.0,0.0,0.0,0.0,0.0,0.0,0.0,0.0,0.0,0.0,0.0,0.0,3.727272727272727,0.0,0.0,0.0,0.0,11.090909090909092,15.454545454545455
461,4.9523809523809526,0.0,0.0,5.0,0.0,0.0,0.0,0.0,0.0,0.0,0.0,0.0,0.0,0.0,0.0,10.0,0.0,0.0,0.0,0.0,18.666666666666668,39.285714285714285
462,4.622222222222222,0.0,0.2,1.1555555555555554,0.0,0.0,0.0,1.1,0.0,0.26666666666666666,0.0,0.0,0.0,0.0,0.0,3.8,0.0,2.466666666666667,0.0,0.0,31.455555555555556,52.733333333333334
463,1.8762886597938144,0.0,0.0,0.0,0.0,0.0,0.0,0.0,0.0,0.0,0.0,0.0,0.0,0.0,0.0,8.329896907216495,0.20618556701030927,3.3092783505154637,0.0,0.3711340206185567,34.381443298969074,58.21649484536083
464,1.0267857142857142,0.0,0.0,0.30357142857142855,0.0,0.0,0.0,0.0,0.0,0.03571428571428571,0.0,0.0,0.0,0.0,0.008928571428571428,3.794642857142857,0.0,1.8482142857142858,0.16964285714285715,0.0,31.375,54.57142857142857
465,0.6862745098039216,0.0,0.0,0.9901960784313726,0.0,0.0,0.0,0.09803921568627451,0.0,0.0,0.0,0.0,0.0,0.0,0.0,2.892156862745098,0.0,0.9803921568627451,0.0,0.0,34.51960784313726,60.372549019607845
466,2.75,0.0,0.0,0.07894736842105263,0.0,0.0,0.0,0.0,0.0,0.0,0.0,0.0,0.0,0.0,0.0,2.9342105263157894,0.15789473684210525,0.6842105263157895,0.0,0.0,31.44736842105263,53.526315789473685
467,1.5157894736842106,0.0,0.0,0.21052631578947367,0.0,0.0,0.0,0.0,0.0,0.05263157894736842,0.0,0.0,0.0,0.0,0.0,3.536842105263158,0.0,2.7578947368421054,0.0,0.0,38.43157894736842,64.47368421052632
468,2.7906976744186047,0.0,0.0,0.5116279069767442,0.0,0.0,0.0,0.0,0.0,0.0,0.0,0.0,0.0,0.0,0.0,2.302325581395349,0.0,0.0,0.0,0.0,35.2093023255814,62.2093023255814
469,2.041860465116279,0.0,0.0,0.05116279069767442,0.0,0.0,0.0,0.0,0.0,0.0,0.0,0.0,0.0,0.0,0.0,2.5395348837209304,0.0,2.1488372093023256,0.0,0.0,31.409302325581397,54.38604651162791
470,0.20634920634920634,0.0,0.0,4.603174603174603,4.412698412698413,0.0,0.0,0.0,0.0,0.0,44.317460317460316,0.0,0.0,0.0,0.0,5.428571428571429,0.0,0.9841269841269841,6.190476190476191,0.0,33.714285714285715,63.714285714285715
471,2.7551020408163267,0.0,0.05102040816326531,0.0,0.0,0.0,0.0,0.16326530612244897,0.0,0.21428571428571427,0.0,0.0,0.0,0.0,0.2755102040816326,5.8979591836734695,0.19387755102040816,1.530612244897959,0.0,0.0,26.642857142857142,43.10204081632653
472,1.853658536585366,0.0,0.0,6.512195121951219,3.341463414634146,0.0,0.0,0.0,0.0,0.0,23.634146341463413,0.0,0.0,0.0,0.0,3.317073170731707,0.0,1.0,5.487804878048781,0.0,25.634146341463413,52.048780487804876
473,3.1538461538461537,0.0,0.0,0.4230769230769231,0.0,0.0,0.0,0.0,0.0,0.0,0.0,0.0,0.0,0.0,0.0,0.8461538461538461,0.0,0.0,0.0,0.0,44.28846153846154,75.59615384615384
474,1.880952380952381,0.0,0.0,0.3333333333333333,0.0,0.0,0.0,0.0,0.0,0.0,0.0,0.0,0.0,0.0,0.0,6.5476190476190474,0.3333333333333333,5.166666666666667,0.0,0.0,28.595238095238095,51.857142857142854
475,2.4545454545454546,0.0,0.0,4.681818181818182,0.0,0.0,0.0,0.0,0.0,0.0,0.0,0.0,0.0,0.0,0.0,6.045454545454546,0.0,10.772727272727273,0.0,0.0,21.363636363636363,40.90909090909091
476,3.95,0.0,0.0,2.05,0.0,0.0,0.0,0.0,0.0,0.0,0.0,0.0,0.0,0.0,0.0,1.8,0.0,0.0,0.0,0.0,32.85,57.5
477,0.0,0.0,0.0,0.4,0.0,0.0,0.0,0.2,0.0,0.0,0.0,0.0,0.0,0.0,0.0,13.1,0.0,2.2,0.0,0.0,12.4,20.6
